,Airline_Name,Source,Destination,Departure_Time,Arrival_Time,Duration,Total_Stops,Price
0,Vistara,Delhi,Kolkata,06:30,09:35,03h 05m,1-stop,"5,955"
1,SpiceJet,Delhi,Kolkata,21:55,00:05,02h 10m,non-stop,"5,954"
2,Indigo,Delhi,Kolkata,22:30,00:35,02h 05m,non-stop,"5,955"
3,Air India,Delhi,Kolkata,22:00,00:05,02h 05m,non-stop,"5,955"
4,SpiceJet,Delhi,Kolkata,05:15,09:05,03h 50m,1-stop,"5,954"
5,SpiceJet,Delhi,Kolkata,19:20,00:55,05h 35m,1-stop,"5,954"
6,SpiceJet,Delhi,Kolkata,13:00,18:45,05h 45m,1-stop,"5,954"
7,SpiceJet,Delhi,Kolkata,07:25,18:45,11h 20m,1-stop,"5,954"
8,SpiceJet,Delhi,Kolkata,09:25,21:30,12h 05m,1-stop,"5,954"
9,SpiceJet,Delhi,Kolkata,09:25,23:20,13h 55m,1-stop,"5,954"
10,GO FIRST,Delhi,Kolkata,21:00,11:10,14h 10m,1-stop,"5,954"
11,GO FIRST,Delhi,Kolkata,16:45,08:40,15h 55m,1-stop,"5,954"
12,SpiceJet,Delhi,Kolkata,05:15,00:55,19h 40m,1-stop,"5,954"
13,SpiceJet,Delhi,Kolkata,09:25,09:55,24h 30m,1-stop,"5,954"
14,Indigo,Delhi,Kolkata,14:40,19:50,05h 10m,1-stop,"5,955"
15,Indigo,Delhi,Kolkata,12:35,17:50,05h 15m,1-stop,"5,955"
16,Indigo,Delhi,Kolkata,15:30,20:55,05h 25m,1-stop,"5,955"
17,Indigo,Delhi,Kolkata,07:25,13:10,05h 45m,1-stop,"5,955"
18,Indigo,Delhi,Kolkata,16:45,22:55,06h 10m,1-stop,"5,955"
19,Indigo,Delhi,Kolkata,13:15,20:15,07h 00m,1-stop,"5,955"
20,Indigo,Delhi,Kolkata,14:40,22:25,07h 45m,1-stop,"5,955"
21,Indigo,Delhi,Kolkata,10:25,20:55,10h 30m,1-stop,"5,955"
22,SpiceJet,Delhi,Kolkata,16:45,17:55,25h 10m,1-stop,"6,060"
23,Indigo,Delhi,Kolkata,09:15,19:50,10h 35m,1-stop,"6,443"
24,Indigo,Delhi,Kolkata,12:20,20:15,07h 55m,1-stop,"6,932"
25,Air India,Delhi,Kolkata,18:40,14:50,20h 10m,1-stop,"8,370"
26,Air India,Delhi,Kolkata,11:00,14:50,27h 50m,1-stop,"8,370"
27,Vistara,Delhi,Kolkata,17:30,20:45,03h 15m,1-stop,"8,790"
28,Vistara,Delhi,Kolkata,13:40,20:45,07h 05m,1-stop,"9,000"
29,Vistara,Delhi,Kolkata,06:30,20:45,14h 15m,1-stop,"9,053"
30,Air India,Delhi,Kolkata,05:15,20:05,14h 50m,1-stop,"9,538"
31,Air India,Delhi,Kolkata,16:45,12:10,19h 25m,1-stop,"10,081"
32,Vistara,Delhi,Kolkata,10:20,16:55,06h 35m,1-stop,"10,680"
33,Air India,Delhi,Kolkata,16:30,20:05,27h 35m,1-stop,"10,430"
34,Air India,Delhi,Kolkata,09:05,16:35,07h 30m,1-stop,"10,618"
35,Air India,Delhi,Kolkata,21:25,08:05,10h 40m,1-stop,"10,680"
36,Air India,Delhi,Kolkata,17:15,08:05,14h 50m,1-stop,"10,680"
37,Air India,Delhi,Kolkata,09:45,08:05,22h 20m,1-stop,"10,680"
38,Air India,Delhi,Kolkata,08:10,08:05,23h 55m,1-stop,"10,680"
39,Air India,Delhi,Kolkata,06:05,13:55,07h 50m,1-stop,"12,150"
40,Air India,Delhi,Kolkata,21:15,05:15,08h 00m,1-stop,"12,150"
41,Air India,Delhi,Kolkata,09:25,18:00,08h 35m,1-stop,"12,150"
42,Air India,Delhi,Kolkata,09:25,19:40,10h 15m,1-stop,"12,150"
43,Air India,Delhi,Kolkata,17:20,05:15,11h 55m,1-stop,"12,150"
44,Air India,Delhi,Kolkata,20:40,09:35,12h 55m,1-stop,"12,150"
45,Air India,Delhi,Kolkata,13:30,05:15,15h 45m,1-stop,"12,150"
46,Air India,Delhi,Kolkata,16:15,09:35,17h 20m,1-stop,"12,150"
47,Air India,Delhi,Kolkata,09:45,05:15,19h 30m,1-stop,"12,150"
48,Air India,Delhi,Kolkata,06:10,05:15,23h 05m,1-stop,"12,150"
49,Air India,Delhi,Kolkata,09:50,09:35,23h 45m,1-stop,"12,150"
50,Air India,Delhi,Kolkata,09:25,13:00,27h 35m,1-stop,"12,150"
51,Vistara,Delhi,Kolkata,07:30,16:55,09h 25m,1-stop,"12,990"
52,Vistara,Delhi,Kolkata,17:45,09:40,15h 55m,1-stop,"12,990"
53,Vistara,Delhi,Kolkata,15:30,09:40,18h 10m,1-stop,"12,990"
54,Vistara,Delhi,Kolkata,14:20,09:40,19h 20m,1-stop,"12,990"
55,Vistara,Delhi,Kolkata,09:30,16:55,07h 25m,1-stop,"13,095"
56,SpiceJet,Delhi,Kolkata,10:15,21:30,11h 15m,1-stop,"12,765"
57,SpiceJet,Delhi,Kolkata,10:15,23:20,13h 05m,1-stop,"12,765"
58,SpiceJet,Delhi,Kolkata,10:15,09:55,23h 40m,1-stop,"12,765"
59,Vistara,Delhi,Kolkata,21:40,09:40,12h 00m,1-stop,"13,725"
60,Air India,Delhi,Kolkata,20:00,12:10,16h 10m,1-stop,"13,410"
61,Air India,Delhi,Kolkata,19:00,12:10,17h 10m,1-stop,"13,410"
62,Air India,Delhi,Kolkata,18:00,12:10,18h 10m,1-stop,"13,410"
63,Air India,Delhi,Kolkata,17:50,12:10,18h 20m,1-stop,"13,410"
64,Air India,Delhi,Kolkata,14:45,12:10,21h 25m,1-stop,"13,410"
65,Air India,Delhi,Kolkata,09:00,12:10,27h 10m,1-stop,"13,410"
66,Air India,Delhi,Kolkata,08:00,12:10,28h 10m,1-stop,"13,410"
67,Air India,Delhi,Kolkata,07:00,12:10,29h 10m,1-stop,"13,410"
68,Air India,Delhi,Kolkata,09:25,16:05,06h 40m,1-stop,"13,663"
69,Air India,Delhi,Kolkata,05:35,12:10,30h 35m,2+-stop,"13,938"
70,Vistara,Delhi,Kolkata,17:45,16:55,23h 10m,1-stop,"15,615"
71,Vistara,Delhi,Kolkata,15:30,16:55,25h 25m,1-stop,"15,615"
72,Vistara,Delhi,Kolkata,14:20,16:55,26h 35m,1-stop,"15,615"
73,Vistara,Delhi,Kolkata,13:20,09:40,20h 20m,2+-stop,"15,866"
74,Vistara,Delhi,Kolkata,21:40,16:55,19h 15m,1-stop,"16,350"
75,Vistara,Delhi,Kolkata,13:30,09:40,20h 10m,2+-stop,"18,176"
76,Vistara,Delhi,Kolkata,07:10,09:40,26h 30m,2+-stop,"18,176"
77,Vistara,Delhi,Kolkata,07:10,09:40,26h 30m,2+-stop,"18,176"
