,Airline_Name,Source,Destination,Departure_Time,Arrival_Time,Duration,Total_Stops,Price
0,SpiceJet,Delhi,Mumbai,06:20,08:40,02h 20m,non-stop,"5,955"
1,SpiceJet,Delhi,Mumbai,20:30,22:50,02h 20m,non-stop,"5,955"
2,GO FIRST,Delhi,Mumbai,08:00,10:10,02h 10m,non-stop,"5,954"
3,GO FIRST,Delhi,Mumbai,14:20,16:35,02h 15m,non-stop,"5,954"
4,GO FIRST,Delhi,Mumbai,21:00,23:15,02h 15m,non-stop,"5,954"
5,Vistara,Delhi,Mumbai,14:20,16:30,02h 10m,non-stop,"5,955"
6,Vistara,Delhi,Mumbai,15:30,17:40,02h 10m,non-stop,"5,955"
7,Vistara,Delhi,Mumbai,17:45,20:05,02h 20m,non-stop,"5,955"
8,Vistara,Delhi,Mumbai,12:50,15:00,02h 10m,non-stop,"6,060"
9,Indigo,Delhi,Mumbai,17:15,19:25,02h 10m,non-stop,"5,955"
10,Indigo,Delhi,Mumbai,18:40,20:50,02h 10m,non-stop,"5,955"
11,Indigo,Delhi,Mumbai,14:20,16:35,02h 15m,non-stop,"5,955"
12,Indigo,Delhi,Mumbai,08:45,11:05,02h 20m,non-stop,"5,955"
13,Air India,Delhi,Mumbai,18:00,20:00,02h 00m,non-stop,"5,955"
14,Air India,Delhi,Mumbai,07:00,09:05,02h 05m,non-stop,"5,955"
15,Air India,Delhi,Mumbai,08:00,10:10,02h 10m,non-stop,"5,955"
16,Air India,Delhi,Mumbai,09:00,11:15,02h 15m,non-stop,"5,955"
17,GO FIRST,Delhi,Mumbai,16:45,21:25,04h 40m,1-stop,"5,954"
18,GO FIRST,Delhi,Mumbai,12:35,18:10,05h 35m,1-stop,"5,954"
19,GO FIRST,Delhi,Mumbai,11:50,18:10,06h 20m,1-stop,"5,954"
20,GO FIRST,Delhi,Mumbai,15:00,21:55,06h 55m,1-stop,"5,954"
21,GO FIRST,Delhi,Mumbai,13:45,22:20,08h 35m,2+-stop,"5,954"
22,GO FIRST,Delhi,Mumbai,06:10,18:10,12h 00m,1-stop,"5,954"
23,GO FIRST,Delhi,Mumbai,08:30,21:55,13h 25m,1-stop,"5,954"
24,Air India,Delhi,Mumbai,14:45,18:00,03h 15m,1-stop,"5,955"
25,Air India,Delhi,Mumbai,17:50,21:35,03h 45m,1-stop,"5,955"
26,Indigo,Delhi,Mumbai,07:20,12:25,05h 05m,1-stop,"5,955"
27,Indigo,Delhi,Mumbai,10:30,18:50,08h 20m,1-stop,"5,955"
28,Indigo,Delhi,Mumbai,21:50,08:15,10h 25m,1-stop,"5,955"
29,Vistara,Delhi,Mumbai,09:30,11:35,02h 05m,non-stop,"6,375"
30,Indigo,Delhi,Mumbai,10:30,14:35,04h 05m,1-stop,"6,218"
31,Indigo,Delhi,Mumbai,21:15,23:30,02h 15m,non-stop,"6,375"
32,Indigo,Delhi,Mumbai,12:55,23:15,10h 20m,1-stop,"7,163"
33,Air India,Delhi,Mumbai,08:40,23:25,14h 45m,1-stop,"7,468"
34,Air India,Delhi,Mumbai,05:55,23:25,17h 30m,1-stop,"7,468"
35,Vistara,Delhi,Mumbai,19:50,22:00,02h 10m,non-stop,"7,845"
36,Vistara,Delhi,Mumbai,13:20,16:00,26h 40m,1-stop,"8,160"
37,Air India,Delhi,Mumbai,13:15,17:50,04h 35m,1-stop,"8,160"
38,Indigo,Delhi,Mumbai,06:25,16:40,10h 15m,1-stop,"8,160"
39,Air India,Delhi,Mumbai,18:10,15:50,21h 40m,1-stop,"8,160"
40,Indigo,Delhi,Mumbai,07:25,16:05,08h 40m,1-stop,"8,213"
41,SpiceJet,Delhi,Mumbai,19:20,10:35,15h 15m,1-stop,"8,501"
42,Vistara,Delhi,Mumbai,17:10,11:30,18h 20m,1-stop,"9,000"
43,Vistara,Delhi,Mumbai,13:40,11:30,21h 50m,1-stop,"9,000"
44,Indigo,Delhi,Mumbai,14:05,17:55,03h 50m,1-stop,"8,895"
45,Indigo,Delhi,Mumbai,10:15,17:55,07h 40m,1-stop,"8,895"
46,Air India,Delhi,Mumbai,05:35,20:45,15h 10m,1-stop,"9,000"
47,Air India,Delhi,Mumbai,20:00,20:45,24h 45m,1-stop,"9,000"
48,Indigo,Delhi,Mumbai,18:30,23:25,04h 55m,1-stop,"9,263"
49,Vistara,Delhi,Mumbai,17:10,21:35,04h 25m,1-stop,"9,735"
50,Vistara,Delhi,Mumbai,13:40,21:35,07h 55m,1-stop,"9,735"
51,Vistara,Delhi,Mumbai,07:30,14:30,07h 00m,1-stop,"9,840"
52,Vistara,Delhi,Mumbai,20:35,14:30,17h 55m,1-stop,"9,840"
53,Vistara,Delhi,Mumbai,14:45,14:30,23h 45m,1-stop,"9,840"
54,Air India,Delhi,Mumbai,05:55,16:25,10h 30m,1-stop,"9,590"
55,Air India,Delhi,Mumbai,07:05,13:25,06h 20m,1-stop,"9,840"
56,Air India,Delhi,Mumbai,17:15,23:55,06h 40m,1-stop,"9,840"
57,Air India,Delhi,Mumbai,09:45,23:55,14h 10m,1-stop,"9,840"
58,Air India,Delhi,Mumbai,08:10,23:55,15h 45m,1-stop,"9,840"
59,Air India,Delhi,Mumbai,18:30,13:25,18h 55m,1-stop,"9,840"
60,Air India,Delhi,Mumbai,21:25,23:55,26h 30m,1-stop,"9,840"
61,Air India,Delhi,Mumbai,12:55,19:15,06h 20m,1-stop,"9,988"
62,Indigo,Delhi,Mumbai,05:15,10:05,04h 50m,1-stop,"9,998"
63,GO FIRST,Delhi,Mumbai,13:25,19:40,06h 15m,1-stop,"10,365"
64,Vistara,Delhi,Mumbai,11:10,14:45,27h 35m,1-stop,"10,470"
65,Vistara,Delhi,Mumbai,13:20,18:20,05h 00m,1-stop,"10,680"
66,Air India,Delhi,Mumbai,10:55,16:35,05h 40m,1-stop,"10,470"
67,Air India,Delhi,Mumbai,22:00,08:20,10h 20m,1-stop,"10,470"
68,Air India,Delhi,Mumbai,10:55,00:10,13h 15m,1-stop,"10,470"
69,Air India,Delhi,Mumbai,22:00,16:35,18h 35m,1-stop,"10,470"
70,Air India,Delhi,Mumbai,10:55,08:20,21h 25m,1-stop,"10,470"
71,Air India,Delhi,Mumbai,22:00,22:25,24h 25m,1-stop,"10,470"
72,Air India,Delhi,Mumbai,22:00,00:10,26h 10m,1-stop,"10,470"
73,Air India,Delhi,Mumbai,10:15,15:40,05h 25m,1-stop,"10,680"
74,Air India,Delhi,Mumbai,11:00,17:25,06h 25m,1-stop,"10,680"
75,Air India,Delhi,Mumbai,18:40,17:25,22h 45m,1-stop,"10,680"
76,Air India,Delhi,Mumbai,10:55,22:25,11h 30m,1-stop,"10,785"
77,Air India,Delhi,Mumbai,14:30,16:25,25h 55m,1-stop,"11,520"
78,Vistara,Delhi,Mumbai,20:40,11:25,14h 45m,1-stop,"12,150"
79,Vistara,Delhi,Mumbai,14:15,11:25,21h 10m,1-stop,"12,150"
80,Air India,Delhi,Mumbai,21:15,15:00,17h 45m,1-stop,"11,900"
81,Air India,Delhi,Mumbai,13:15,13:25,24h 10m,1-stop,"11,993"
82,Air India,Delhi,Mumbai,21:15,08:35,11h 20m,1-stop,"12,150"
83,Air India,Delhi,Mumbai,09:30,21:05,11h 35m,1-stop,"12,150"
84,Air India,Delhi,Mumbai,06:10,21:05,14h 55m,1-stop,"12,150"
85,Air India,Delhi,Mumbai,17:20,08:35,15h 15m,1-stop,"12,150"
86,Air India,Delhi,Mumbai,09:30,08:35,23h 05m,1-stop,"12,150"
87,Air India,Delhi,Mumbai,06:10,08:35,26h 25m,1-stop,"12,150"
88,Vistara,Delhi,Mumbai,20:40,21:40,25h 00m,1-stop,"12,728"
89,Vistara,Delhi,Mumbai,07:10,14:30,07h 20m,1-stop,"12,990"
90,Vistara,Delhi,Mumbai,13:30,22:35,09h 05m,1-stop,"12,990"
91,Vistara,Delhi,Mumbai,19:55,09:00,13h 05m,1-stop,"12,990"
92,Vistara,Delhi,Mumbai,07:10,22:35,15h 25m,1-stop,"12,990"
93,Vistara,Delhi,Mumbai,19:55,14:30,18h 35m,1-stop,"12,990"
94,Vistara,Delhi,Mumbai,13:30,09:00,19h 30m,1-stop,"12,990"
95,Air India,Delhi,Mumbai,09:50,18:15,08h 25m,1-stop,"12,990"
96,Air India,Delhi,Mumbai,20:40,08:05,11h 25m,1-stop,"12,990"
97,Air India,Delhi,Mumbai,06:05,18:15,12h 10m,1-stop,"12,990"
98,Air India,Delhi,Mumbai,16:15,08:05,15h 50m,1-stop,"12,990"
99,Air India,Delhi,Mumbai,20:40,17:05,20h 25m,1-stop,"12,990"
100,Air India,Delhi,Mumbai,16:15,17:05,24h 50m,1-stop,"12,990"
101,Vistara,Delhi,Mumbai,06:30,20:20,13h 50m,1-stop,"13,410"
102,Air India,Delhi,Mumbai,12:45,13:35,24h 50m,1-stop,"13,086"
103,SpiceJet,Delhi,Mumbai,07:45,12:00,04h 15m,1-stop,"13,200"
104,Vistara,Delhi,Mumbai,14:15,21:40,07h 25m,1-stop,"13,568"
105,Vistara,Delhi,Mumbai,09:05,21:40,12h 35m,1-stop,"13,568"
106,Air India,Delhi,Mumbai,22:00,12:25,14h 25m,1-stop,"13,410"
107,Vistara,Delhi,Mumbai,17:30,20:20,26h 50m,1-stop,"14,355"
108,Vistara,Delhi,Mumbai,15:55,20:20,28h 25m,1-stop,"14,355"
109,Vistara,Delhi,Mumbai,17:40,14:30,20h 50m,1-stop,"14,460"
110,Air India,Delhi,Mumbai,22:00,20:05,22h 05m,1-stop,"14,250"
111,Air India,Delhi,Mumbai,16:50,23:05,06h 15m,1-stop,"14,670"
112,Air India,Delhi,Mumbai,14:30,23:05,08h 35m,1-stop,"14,670"
113,Air India,Delhi,Mumbai,17:05,22:25,29h 20m,1-stop,"16,245"
