,Airline_Name,Source,Destination,Departure_Time,Arrival_Time,Duration,Total_Stops,Price
0,Vistara,Delhi,Bangalore,20:40,23:20,02h 40m,non-stop,"7,425"
1,Vistara,Delhi,Bangalore,09:05,11:50,02h 45m,non-stop,"7,425"
2,Vistara,Delhi,Bangalore,14:15,17:00,02h 45m,non-stop,"7,425"
3,Vistara,Delhi,Bangalore,17:35,20:25,02h 50m,non-stop,"7,425"
4,SpiceJet,Delhi,Bangalore,19:40,22:25,02h 45m,non-stop,"7,425"
5,Indigo,Delhi,Bangalore,08:20,11:15,02h 55m,non-stop,"7,425"
6,Indigo,Delhi,Bangalore,18:20,21:15,02h 55m,non-stop,"7,425"
7,Indigo,Delhi,Bangalore,21:25,00:20,02h 55m,non-stop,"7,425"
8,Indigo,Delhi,Bangalore,15:30,18:30,03h 00m,non-stop,"7,425"
9,AirAsia,Delhi,Bangalore,08:00,10:40,02h 40m,non-stop,"7,426"
10,Air India,Delhi,Bangalore,06:10,08:55,02h 45m,non-stop,"7,425"
11,Air India,Delhi,Bangalore,09:45,12:30,02h 45m,non-stop,"7,425"
12,Air India,Delhi,Bangalore,13:30,16:15,02h 45m,non-stop,"7,425"
13,Air India,Delhi,Bangalore,17:20,20:05,02h 45m,non-stop,"7,425"
14,Air India,Delhi,Bangalore,21:15,00:10,02h 55m,non-stop,"7,425"
15,AirAsia,Delhi,Bangalore,12:40,20:55,08h 15m,2+-stop,"7,423"
16,GO FIRST,Delhi,Bangalore,16:45,23:40,06h 55m,1-stop,"7,424"
17,GO FIRST,Delhi,Bangalore,14:20,22:20,08h 00m,1-stop,"7,424"
18,GO FIRST,Delhi,Bangalore,21:00,09:55,12h 55m,1-stop,"7,424"
19,GO FIRST,Delhi,Bangalore,08:00,22:20,14h 20m,1-stop,"7,424"
20,GO FIRST,Delhi,Bangalore,18:05,09:55,15h 50m,1-stop,"7,424"
21,SpiceJet,Delhi,Bangalore,09:30,16:50,07h 20m,1-stop,"7,425"
22,SpiceJet,Delhi,Bangalore,07:45,22:45,15h 00m,1-stop,"7,425"
23,SpiceJet,Delhi,Bangalore,11:55,13:35,25h 40m,1-stop,"7,425"
24,Indigo,Delhi,Bangalore,12:55,18:30,05h 35m,1-stop,"9,735"
25,Indigo,Delhi,Bangalore,06:45,13:20,06h 35m,1-stop,"9,735"
26,Indigo,Delhi,Bangalore,12:55,20:45,07h 50m,1-stop,"9,735"
27,Indigo,Delhi,Bangalore,09:40,18:30,08h 50m,1-stop,"9,735"
28,Indigo,Delhi,Bangalore,09:40,20:45,11h 05m,1-stop,"9,735"
29,Air India,Delhi,Bangalore,21:25,22:15,24h 50m,1-stop,"9,840"
30,Air India,Delhi,Bangalore,05:45,11:40,05h 55m,1-stop,"9,988"
31,Air India,Delhi,Bangalore,17:45,11:40,17h 55m,1-stop,"9,988"
32,Vistara,Delhi,Bangalore,17:45,10:45,17h 00m,1-stop,"10,680"
33,Vistara,Delhi,Bangalore,15:30,10:45,19h 15m,1-stop,"10,680"
34,Vistara,Delhi,Bangalore,14:20,10:45,20h 25m,1-stop,"10,680"
35,Vistara,Delhi,Bangalore,17:45,20:55,27h 10m,1-stop,"10,680"
36,Vistara,Delhi,Bangalore,07:30,10:45,27h 15m,1-stop,"10,680"
37,Indigo,Delhi,Bangalore,06:45,11:50,05h 05m,1-stop,"10,365"
38,Indigo,Delhi,Bangalore,21:50,07:50,10h 00m,1-stop,"10,365"
39,Vistara,Delhi,Bangalore,15:30,20:55,05h 25m,1-stop,"10,785"
40,Vistara,Delhi,Bangalore,14:20,20:55,06h 35m,1-stop,"10,785"
41,Vistara,Delhi,Bangalore,07:30,20:55,13h 25m,1-stop,"10,785"
42,Vistara,Delhi,Bangalore,09:30,10:45,25h 15m,1-stop,"10,785"
43,Air India,Delhi,Bangalore,18:10,12:50,18h 40m,1-stop,"10,470"
44,Indigo,Delhi,Bangalore,21:20,02:35,05h 15m,1-stop,"10,523"
45,Indigo,Delhi,Bangalore,09:25,15:40,06h 15m,1-stop,"10,523"
46,Indigo,Delhi,Bangalore,17:25,02:35,09h 10m,1-stop,"10,523"
47,Indigo,Delhi,Bangalore,04:50,15:40,10h 50m,1-stop,"10,523"
48,Indigo,Delhi,Bangalore,21:20,08:55,11h 35m,1-stop,"10,523"
49,Vistara,Delhi,Bangalore,09:30,20:55,11h 25m,1-stop,"10,890"
50,GO FIRST,Delhi,Bangalore,16:35,07:25,14h 50m,1-stop,"10,575"
51,Air India,Delhi,Bangalore,20:00,11:10,15h 10m,1-stop,"10,680"
52,Air India,Delhi,Bangalore,19:00,11:10,16h 10m,1-stop,"10,680"
53,Air India,Delhi,Bangalore,18:00,11:10,17h 10m,1-stop,"10,680"
54,Air India,Delhi,Bangalore,17:50,11:10,17h 20m,1-stop,"10,680"
55,Air India,Delhi,Bangalore,14:45,11:10,20h 25m,1-stop,"10,680"
56,Air India,Delhi,Bangalore,20:00,18:30,22h 30m,1-stop,"10,680"
57,Air India,Delhi,Bangalore,19:00,18:30,23h 30m,1-stop,"10,680"
58,Air India,Delhi,Bangalore,18:00,18:30,24h 30m,1-stop,"10,680"
59,Air India,Delhi,Bangalore,17:50,18:30,24h 40m,1-stop,"10,680"
60,Air India,Delhi,Bangalore,09:00,11:10,26h 10m,1-stop,"10,680"
61,Air India,Delhi,Bangalore,08:00,11:10,27h 10m,1-stop,"10,680"
62,Air India,Delhi,Bangalore,14:45,18:30,27h 45m,1-stop,"10,680"
63,Indigo,Delhi,Bangalore,10:15,16:40,06h 25m,1-stop,"10,838"
64,Air India,Delhi,Bangalore,16:50,18:20,25h 30m,1-stop,"10,943"
65,Air India,Delhi,Bangalore,14:10,18:20,28h 10m,1-stop,"10,943"
66,Vistara,Delhi,Bangalore,21:40,10:45,13h 05m,1-stop,"11,415"
67,Vistara,Delhi,Bangalore,21:40,20:55,23h 15m,1-stop,"11,415"
68,Vistara,Delhi,Bangalore,13:20,20:55,31h 35m,2+-stop,"11,634"
69,Air India,Delhi,Bangalore,10:55,22:30,11h 35m,1-stop,"11,310"
70,Air India,Delhi,Bangalore,22:00,22:30,24h 30m,1-stop,"11,310"
71,Air India,Delhi,Bangalore,18:30,19:50,25h 20m,1-stop,"11,310"
72,Air India,Delhi,Bangalore,18:40,17:05,22h 25m,1-stop,"11,520"
73,Air India,Delhi,Bangalore,22:00,01:50,27h 50m,1-stop,"11,520"
74,Air India,Delhi,Bangalore,08:40,11:10,26h 30m,2+-stop,"11,629"
75,Air India,Delhi,Bangalore,05:55,11:10,29h 15m,2+-stop,"11,629"
76,Air India,Delhi,Bangalore,08:40,18:30,33h 50m,2+-stop,"11,629"
77,Air India,Delhi,Bangalore,05:55,18:30,36h 35m,2+-stop,"11,629"
78,Air India,Delhi,Bangalore,05:35,11:10,29h 35m,2+-stop,"12,321"
79,Air India,Delhi,Bangalore,05:35,18:30,36h 55m,2+-stop,"12,321"
80,Vistara,Delhi,Bangalore,20:35,20:55,24h 20m,2+-stop,"13,314"
81,Vistara,Delhi,Bangalore,07:30,10:45,27h 15m,2+-stop,"13,314"
82,Vistara,Delhi,Bangalore,07:30,20:55,13h 25m,2+-stop,"13,449"
83,Air India,Delhi,Bangalore,11:00,11:10,24h 10m,2+-stop,"13,161"
84,Indigo,Delhi,Bangalore,07:25,14:35,07h 10m,1-stop,"13,463"
85,Vistara,Delhi,Bangalore,13:20,10:45,21h 25m,2+-stop,"13,902"
86,Vistara,Delhi,Bangalore,13:20,20:55,07h 35m,2+-stop,"14,081"
87,Indigo,Delhi,Bangalore,12:55,19:35,06h 40m,1-stop,"13,778"
88,Indigo,Delhi,Bangalore,09:40,19:35,09h 55m,1-stop,"13,778"
89,SpiceJet,Delhi,Bangalore,19:30,09:00,13h 30m,1-stop,"24,121"
