,Airline_Name,Source,Destination,Departure_Time,Arrival_Time,Duration,Total_Stops,Price
0,Vistara,Delhi,Chennai,07:10,09:55,02h 45m,non-stop,"7,425"
1,Vistara,Delhi,Chennai,13:30,16:20,02h 50m,non-stop,"7,425"
2,Vistara,Delhi,Chennai,19:55,22:45,02h 50m,non-stop,"7,425"
3,Indigo,Delhi,Chennai,20:30,23:20,02h 50m,non-stop,"7,425"
4,Indigo,Delhi,Chennai,07:25,10:20,02h 55m,non-stop,"7,425"
5,Indigo,Delhi,Chennai,12:45,15:40,02h 55m,non-stop,"7,425"
6,Indigo,Delhi,Chennai,17:30,20:25,02h 55m,non-stop,"7,425"
7,Air India,Delhi,Chennai,16:15,19:00,02h 45m,non-stop,"7,425"
8,Air India,Delhi,Chennai,06:05,08:55,02h 50m,non-stop,"7,425"
9,Air India,Delhi,Chennai,09:50,12:40,02h 50m,non-stop,"7,425"
10,Air India,Delhi,Chennai,20:40,23:35,02h 55m,non-stop,"7,425"
11,Indigo,Delhi,Chennai,09:40,15:05,05h 25m,1-stop,"7,425"
12,Indigo,Delhi,Chennai,14:40,21:05,06h 25m,1-stop,"7,425"
13,Indigo,Delhi,Chennai,12:55,20:05,07h 10m,1-stop,"7,425"
14,Indigo,Delhi,Chennai,08:20,15:55,07h 35m,1-stop,"7,425"
15,Indigo,Delhi,Chennai,06:45,15:05,08h 20m,1-stop,"7,425"
16,Indigo,Delhi,Chennai,12:55,22:05,09h 10m,1-stop,"7,425"
17,Indigo,Delhi,Chennai,09:40,20:05,10h 25m,1-stop,"7,425"
18,Indigo,Delhi,Chennai,21:15,07:45,10h 30m,1-stop,"7,425"
19,Indigo,Delhi,Chennai,09:15,21:05,11h 50m,1-stop,"7,425"
20,SpiceJet,Delhi,Chennai,19:40,07:55,12h 15m,1-stop,"7,425"
21,SpiceJet,Delhi,Chennai,19:30,08:00,12h 30m,1-stop,"7,425"
22,SpiceJet,Delhi,Chennai,06:20,08:00,25h 40m,1-stop,"7,425"
23,Indigo,Delhi,Chennai,10:15,21:05,10h 50m,2+-stop,"9,415"
24,Vistara,Delhi,Chennai,17:45,23:05,05h 20m,1-stop,"11,520"
25,Vistara,Delhi,Chennai,14:20,19:55,05h 35m,1-stop,"11,520"
26,Vistara,Delhi,Chennai,15:30,23:05,07h 35m,1-stop,"11,520"
27,Vistara,Delhi,Chennai,14:20,23:05,08h 45m,1-stop,"11,520"
28,Vistara,Delhi,Chennai,07:30,19:55,12h 25m,1-stop,"11,520"
29,Vistara,Delhi,Chennai,17:45,08:50,15h 05m,1-stop,"11,520"
30,Vistara,Delhi,Chennai,07:30,23:05,15h 35m,1-stop,"11,520"
31,Vistara,Delhi,Chennai,15:30,08:50,17h 20m,1-stop,"11,520"
32,Vistara,Delhi,Chennai,17:45,11:50,18h 05m,1-stop,"11,520"
33,Vistara,Delhi,Chennai,14:20,08:50,18h 30m,1-stop,"11,520"
34,Vistara,Delhi,Chennai,15:30,11:50,20h 20m,1-stop,"11,520"
35,Vistara,Delhi,Chennai,14:20,11:50,21h 30m,1-stop,"11,520"
36,Vistara,Delhi,Chennai,09:30,19:55,10h 25m,1-stop,"11,625"
37,Vistara,Delhi,Chennai,09:30,23:05,13h 35m,1-stop,"11,625"
38,Air India,Delhi,Chennai,20:00,10:55,14h 55m,1-stop,"11,520"
39,Air India,Delhi,Chennai,19:00,10:55,15h 55m,1-stop,"11,520"
40,Air India,Delhi,Chennai,18:00,10:55,16h 55m,1-stop,"11,520"
41,Air India,Delhi,Chennai,17:50,10:55,17h 05m,1-stop,"11,520"
42,Air India,Delhi,Chennai,14:45,10:55,20h 10m,1-stop,"11,520"
43,Air India,Delhi,Chennai,22:00,19:40,21h 40m,1-stop,"11,520"
44,Air India,Delhi,Chennai,09:00,10:55,25h 55m,1-stop,"11,520"
45,Air India,Delhi,Chennai,08:00,10:55,26h 55m,1-stop,"11,520"
46,Air India,Delhi,Chennai,07:00,10:55,27h 55m,1-stop,"11,520"
47,Air India,Delhi,Chennai,08:40,10:55,26h 15m,2+-stop,"11,629"
48,Air India,Delhi,Chennai,05:55,10:55,29h 00m,2+-stop,"11,629"
49,Vistara,Delhi,Chennai,21:40,08:50,11h 10m,1-stop,"12,255"
50,Vistara,Delhi,Chennai,21:40,11:50,14h 10m,1-stop,"12,255"
51,Vistara,Delhi,Chennai,21:40,19:55,22h 15m,1-stop,"12,255"
52,Vistara,Delhi,Chennai,13:20,19:55,30h 35m,2+-stop,"12,348"
53,Vistara,Delhi,Chennai,13:20,23:05,33h 45m,2+-stop,"12,348"
54,Air India,Delhi,Chennai,11:00,10:55,23h 55m,2+-stop,"13,161"
55,Vistara,Delhi,Chennai,07:30,19:55,12h 25m,2+-stop,"14,028"
56,Vistara,Delhi,Chennai,07:30,23:05,15h 35m,2+-stop,"14,028"
57,Vistara,Delhi,Chennai,13:40,08:50,19h 10m,2+-stop,"14,606"
58,Vistara,Delhi,Chennai,13:40,11:50,22h 10m,2+-stop,"14,606"
59,Vistara,Delhi,Chennai,13:40,19:55,30h 15m,2+-stop,"14,606"
60,Vistara,Delhi,Chennai,13:40,23:05,33h 25m,2+-stop,"14,606"
61,Vistara,Delhi,Chennai,13:20,23:05,09h 45m,2+-stop,"14,616"
62,Vistara,Delhi,Chennai,13:20,08:50,19h 30m,2+-stop,"14,616"
63,Vistara,Delhi,Chennai,13:20,11:50,22h 30m,2+-stop,"14,616"
64,Vistara,Delhi,Chennai,13:20,19:55,30h 35m,2+-stop,"14,616"
65,Air India,Delhi,Chennai,12:55,10:55,22h 00m,2+-stop,"15,553"
66,Vistara,Delhi,Chennai,14:15,08:50,18h 35m,2+-stop,"16,212"
67,Vistara,Delhi,Chennai,14:15,11:50,21h 35m,2+-stop,"16,212"
68,Vistara,Delhi,Chennai,20:40,19:55,23h 15m,2+-stop,"16,212"
69,Vistara,Delhi,Chennai,09:05,08:50,23h 45m,2+-stop,"16,212"
70,Air India,Delhi,Chennai,10:15,10:55,24h 40m,2+-stop,"16,017"
71,Vistara,Delhi,Chennai,06:30,23:05,16h 35m,2+-stop,"16,706"
72,Air India,Delhi,Chennai,10:55,10:55,24h 00m,2+-stop,"16,875"
73,Air India,Delhi,Chennai,10:55,10:55,24h 00m,2+-stop,"16,875"
74,Air India,Delhi,Chennai,22:00,11:00,13h 00m,1-stop,"17,233"
75,Air India,Delhi,Chennai,10:55,10:55,24h 00m,2+-stop,"18,240"
