,Airline_Name,Source,Destination,Departure_Time,Arrival_Time,Duration,Total_Stops,Price
0,SpiceJet,DEL,CCU,7:00 AM,9:05 AM,,Nonstop,"₹2,036"
1,GO FIRST,DEL,CCU,5:50 AM,8:00 AM,,Nonstop,"₹2,160"
2,Air India,DEL,CCU,8:15 PM,10:20 PM,,Nonstop,"₹2,227"
3,Vistara,DEL,CCU,5:30 PM,7:35 PM,,Nonstop,"₹2,482"
4,SpiceJet,DEL,CCU,8:50 PM,11:00 PM,,Nonstop,"₹2,036"
5,GO FIRST,DEL,CCU,7:25 PM,9:45 PM,,Nonstop,"₹2,160"
6,IndiGo,DEL,CCU,11:30 PM,1:40 AM+1,,Nonstop,"₹2,365"
7,Vistara,DEL,CCU,6:30 AM,8:35 AM,,Nonstop,"₹2,482"
8,Vistara,DEL,CCU,7:30 AM,9:35 AM,,Nonstop,"₹2,482"
9,Vistara,DEL,CCU,3:55 PM,6:05 PM,,Nonstop,"₹2,482"
10,Vistara,DEL,CCU,8:30 PM,10:45 PM,,Nonstop,"₹2,482"
11,SpiceJet,DEL,CCU,7:25 AM,9:30 PM,,1 stop,"₹3,108"
12,SpiceJet,DEL,CCU,5:15 PM,9:30 PM,,1 stop,"₹3,108"
13,"Air India, Alliance Air",DEL,CCU,11:00 AM,2:50 PM+1,,1 stop,"₹3,695"
14,"Air India, Alliance Air",DEL,CCU,6:40 PM,2:50 PM+1,,1 stop,"₹3,695"
15,"Air India, Alliance Air",DEL,CCU,11:00 AM,2:50 PM+1,,2 stops,"₹3,704"
16,"Air India, Alliance Air",DEL,CCU,6:40 PM,2:50 PM+1,,2 stops,"₹3,704"
17,SpiceJet,DEL,CCU,10:15 AM,9:30 PM,,1 stop,"₹3,823"
18,SpiceJet,DEL,CCU,10:15 AM,9:55 AM+1,,1 stop,"₹3,823"
19,IndiGo,DEL,CCU,4:45 PM,10:55 PM,,1 stop,"₹3,846"
20,Air India,DEL,CCU,8:10 AM,8:05 AM+1,,1 stop,"₹4,090"
21,Air India,DEL,CCU,5:15 PM,8:05 AM+1,,1 stop,"₹4,090"
22,Air India,DEL,CCU,9:25 PM,8:05 AM+1,,1 stop,"₹4,090"
23,GO FIRST,DEL,CCU,9:10 AM,4:15 PM,,1 stop,"₹4,114"
24,Air India,DEL,CCU,6:05 AM,1:55 PM,,1 stop,"₹4,130"
25,IndiGo,DEL,CCU,12:20 PM,8:15 PM,,1 stop,"₹4,142"
26,IndiGo,DEL,CCU,1:15 PM,8:15 PM,,1 stop,"₹4,142"
27,IndiGo,DEL,CCU,4:05 PM,8:15 PM,,1 stop,"₹4,142"
28,Air India,DEL,CCU,4:45 PM,12:10 PM+1,,1 stop,"₹4,171"
29,Air India,DEL,CCU,9:25 AM,1:00 PM+1,,1 stop,"₹4,304"
30,IndiGo,DEL,CCU,10:25 AM,8:55 PM,,1 stop,"₹4,357"
31,GO FIRST,DEL,CCU,1:30 PM,11:35 PM,,1 stop,"₹4,410"
32,GO FIRST,DEL,CCU,2:20 PM,11:35 PM,,1 stop,"₹4,410"
33,GO FIRST,DEL,CCU,3:00 PM,11:35 PM,,1 stop,"₹4,410"
34,GO FIRST,DEL,CCU,3:30 PM,11:35 PM,,1 stop,"₹4,410"
35,GO FIRST,DEL,CCU,5:00 PM,11:35 PM,,1 stop,"₹4,410"
36,GO FIRST,DEL,CCU,7:40 PM,7:30 AM+1,,1 stop,"₹4,410"
37,GO FIRST,DEL,CCU,9:00 PM,7:30 AM+1,,1 stop,"₹4,410"
38,Air India,DEL,CCU,10:35 AM,12:10 PM+1,,1 stop,"₹4,486"
39,SpiceJet,DEL,CCU,9:25 AM,2:20 PM,,1 stop,"₹4,493"
40,SpiceJet,DEL,CCU,9:25 AM,5:25 PM,,1 stop,"₹4,493"
41,SpiceJet,DEL,CCU,1:05 PM,2:20 PM+1,,1 stop,"₹4,493"
42,Air India,DEL,CCU,9:45 AM,8:05 AM+1,,1 stop,"₹4,510"
43,Air India,DEL,CCU,7:00 AM,12:10 PM+1,,1 stop,"₹4,678"
44,Air India,DEL,CCU,8:00 AM,12:10 PM+1,,1 stop,"₹4,678"
45,Air India,DEL,CCU,9:00 AM,12:10 PM+1,,1 stop,"₹4,678"
46,Air India,DEL,CCU,2:45 PM,12:10 PM+1,,1 stop,"₹4,678"
47,Air India,DEL,CCU,5:50 PM,12:10 PM+1,,1 stop,"₹4,678"
48,Air India,DEL,CCU,6:00 PM,12:10 PM+1,,1 stop,"₹4,678"
49,Air India,DEL,CCU,7:00 PM,12:10 PM+1,,1 stop,"₹4,678"
50,Air India,DEL,CCU,8:00 PM,12:10 PM+1,,1 stop,"₹4,678"
51,Air India,DEL,CCU,7:00 AM,12:10 PM+1,,2 stops,"₹4,691"
52,Air India,DEL,CCU,8:00 AM,12:10 PM+1,,2 stops,"₹4,691"
53,Air India,DEL,CCU,9:00 AM,12:10 PM+1,,2 stops,"₹4,691"
54,Air India,DEL,CCU,2:45 PM,12:10 PM+1,,3 stops,"₹4,691"
55,Air India,DEL,CCU,5:50 PM,12:10 PM+1,,3 stops,"₹4,691"
56,Air India,DEL,CCU,6:00 PM,12:10 PM+1,,2 stops,"₹4,691"
57,Air India,DEL,CCU,7:00 PM,12:10 PM+1,,2 stops,"₹4,691"
58,Air India,DEL,CCU,8:00 PM,12:10 PM+1,,2 stops,"₹4,691"
59,"Air India, Alliance Air",DEL,CCU,9:25 AM,6:00 PM,,1 stop,"₹4,808"
60,"Air India, Alliance Air",DEL,CCU,9:25 AM,7:40 PM,,1 stop,"₹4,808"
61,IndiGo,DEL,CCU,3:30 PM,8:55 PM,,1 stop,"₹4,831"
62,Vistara,DEL,CCU,5:45 AM,4:55 PM,,1 stop,"₹4,867"
63,Vistara,DEL,CCU,9:30 AM,4:55 PM,,1 stop,"₹4,867"
64,Vistara,DEL,CCU,9:30 AM,7:55 PM,,1 stop,"₹4,867"
65,Vistara,DEL,CCU,10:20 AM,4:55 PM,,1 stop,"₹4,867"
66,Vistara,DEL,CCU,10:20 AM,7:55 PM,,1 stop,"₹4,867"
67,Vistara,DEL,CCU,11:40 AM,7:55 PM,,1 stop,"₹4,867"
68,Vistara,DEL,CCU,12:50 PM,7:55 PM,,1 stop,"₹4,867"
69,Vistara,DEL,CCU,2:20 PM,7:55 PM,,1 stop,"₹4,867"
70,Vistara,DEL,CCU,8:40 PM,9:40 AM+1,,1 stop,"₹4,867"
71,Vistara,DEL,CCU,9:40 PM,9:40 AM+1,,1 stop,"₹4,867"
72,Vistara,DEL,CCU,5:45 AM,7:55 PM,,1 stop,"₹4,869"
73,Vistara,DEL,CCU,5:45 AM,9:40 AM+1,,1 stop,"₹4,869"
74,Vistara,DEL,CCU,9:30 AM,9:40 AM+1,,1 stop,"₹4,869"
75,Vistara,DEL,CCU,10:20 AM,9:40 AM+1,,1 stop,"₹4,869"
76,Vistara,DEL,CCU,11:40 AM,9:40 AM+1,,1 stop,"₹4,869"
77,Vistara,DEL,CCU,12:50 PM,9:40 AM+1,,1 stop,"₹4,869"
78,Vistara,DEL,CCU,12:50 PM,4:55 PM+1,,1 stop,"₹4,869"
79,Vistara,DEL,CCU,2:20 PM,9:40 AM+1,,1 stop,"₹4,869"
80,Vistara,DEL,CCU,2:20 PM,4:55 PM+1,,1 stop,"₹4,869"
81,Vistara,DEL,CCU,3:30 PM,9:40 AM+1,,1 stop,"₹4,869"
82,Vistara,DEL,CCU,3:30 PM,4:55 PM+1,,1 stop,"₹4,869"
83,Vistara,DEL,CCU,3:30 PM,7:55 PM+1,,1 stop,"₹4,869"
84,Vistara,DEL,CCU,8:40 PM,4:55 PM+1,,1 stop,"₹4,869"
85,Vistara,DEL,CCU,8:40 PM,7:55 PM+1,,1 stop,"₹4,869"
86,Vistara,DEL,CCU,9:40 PM,4:55 PM+1,,1 stop,"₹4,869"
87,Vistara,DEL,CCU,9:40 PM,7:55 PM+1,,1 stop,"₹4,869"
88,AirAsia (India),DEL,CCU,8:00 AM,7:45 PM,,1 stop,"₹5,091"
89,Vistara,DEL,CCU,11:40 AM,4:55 PM+1,,1 stop,"₹5,247"
90,Vistara,DEL,CCU,8:40 PM,9:40 AM+2,,1 stop,"₹5,247"
91,Vistara,DEL,CCU,9:40 PM,9:40 AM+2,,1 stop,"₹5,247"
92,IndiGo,DEL,CCU,10:30 PM,12:35 AM+1,,Nonstop,"₹5,315"
93,"Air India, Alliance Air",DEL,CCU,9:25 AM,7:25 PM+1,,1 stop,"₹5,333"
94,GO FIRST,DEL,CCU,11:10 AM,3:50 PM,,1 stop,"₹5,372"
95,"Air India, Alliance Air",DEL,CCU,11:10 AM,2:50 PM+1,,1 stop,"₹5,416"
96,GO FIRST,DEL,CCU,7:00 AM,5:30 PM,,1 stop,"₹5,510"
97,GO FIRST,DEL,CCU,8:00 AM,5:30 PM,,1 stop,"₹5,510"
98,GO FIRST,DEL,CCU,10:30 AM,5:30 PM,,1 stop,"₹5,510"
99,Air India,DEL,CCU,7:00 AM,8:50 AM+1,,1 stop,"₹5,550"
100,Air India,DEL,CCU,8:00 AM,8:50 AM+1,,1 stop,"₹5,550"
101,Air India,DEL,CCU,9:00 AM,8:50 AM+1,,1 stop,"₹5,550"
102,Air India,DEL,CCU,5:50 PM,8:50 AM+1,,1 stop,"₹5,550"
103,Air India,DEL,CCU,6:00 PM,8:50 AM+1,,1 stop,"₹5,550"
104,Air India,DEL,CCU,7:00 PM,8:50 AM+1,,1 stop,"₹5,550"
105,Air India,DEL,CCU,8:00 PM,8:50 AM+1,,1 stop,"₹5,550"
106,Vistara,DEL,CCU,7:30 AM,4:55 PM,,1 stop,"₹5,557"
107,Vistara,DEL,CCU,7:30 AM,7:55 PM,,1 stop,"₹5,557"
108,Vistara,DEL,CCU,8:50 AM,4:55 PM,,1 stop,"₹5,557"
109,Vistara,DEL,CCU,8:50 AM,7:55 PM,,1 stop,"₹5,557"
110,Vistara,DEL,CCU,7:30 AM,9:40 AM+1,,1 stop,"₹5,562"
111,Air India,DEL,CCU,2:45 PM,8:50 AM+1,,2 stops,"₹5,562"
112,Vistara,DEL,CCU,4:45 PM,9:40 AM+1,,1 stop,"₹5,562"
113,Vistara,DEL,CCU,4:45 PM,4:55 PM+1,,1 stop,"₹5,562"
114,Vistara,DEL,CCU,5:45 PM,9:40 AM+1,,1 stop,"₹5,562"
115,Vistara,DEL,CCU,5:45 PM,4:55 PM+1,,1 stop,"₹5,562"
116,Air India,DEL,CCU,5:50 PM,8:50 AM+1,,2 stops,"₹5,562"
117,Vistara,DEL,CCU,7:00 PM,9:40 AM+1,,1 stop,"₹5,562"
118,Vistara,DEL,CCU,7:00 PM,4:55 PM+1,,1 stop,"₹5,562"
119,Vistara,DEL,CCU,7:00 PM,7:55 PM+1,,1 stop,"₹5,562"
120,Air India,DEL,CCU,9:05 AM,4:35 PM,,1 stop,"₹5,565"
121,GO FIRST,DEL,CCU,5:35 AM,4:30 PM,,2 stops,"₹5,634"
122,GO FIRST,DEL,CCU,6:05 AM,4:30 PM,,1 stop,"₹5,634"
123,GO FIRST,DEL,CCU,7:20 AM,12:30 PM,,1 stop,"₹5,634"
124,GO FIRST,DEL,CCU,4:35 PM,4:00 AM+1,,1 stop,"₹5,634"
125,GO FIRST,DEL,CCU,6:20 PM,4:00 AM+1,,1 stop,"₹5,634"
126,GO FIRST,DEL,CCU,7:55 PM,4:00 AM+1,,1 stop,"₹5,634"
127,Vistara,DEL,CCU,7:50 PM,9:40 AM+1,,1 stop,"₹5,682"
128,Vistara,DEL,CCU,7:50 PM,4:55 PM+1,,1 stop,"₹5,682"
129,Vistara,DEL,CCU,7:50 PM,7:55 PM+1,,1 stop,"₹5,682"
130,IndiGo,DEL,CCU,9:15 AM,7:50 PM,,1 stop,"₹5,840"
131,IndiGo,DEL,CCU,12:35 PM,5:50 PM,,1 stop,"₹5,840"
132,Air India,DEL,CCU,6:10 AM,5:15 AM+1,,1 stop,"₹5,854"
133,Air India,DEL,CCU,9:45 AM,5:15 AM+1,,1 stop,"₹5,854"
134,Air India,DEL,CCU,1:30 PM,5:15 AM+1,,1 stop,"₹5,854"
135,Air India,DEL,CCU,5:20 PM,5:15 AM+1,,1 stop,"₹5,854"
136,Air India,DEL,CCU,9:15 PM,5:15 AM+1,,1 stop,"₹5,854"
137,IndiGo,DEL,CCU,7:25 AM,1:10 PM,,1 stop,"₹5,987"
138,"Air India, Alliance Air",DEL,CCU,9:25 PM,5:15 AM+2,,2 stops,"₹6,004"
139,Air India,DEL,CCU,6:05 AM,9:35 AM+1,,1 stop,"₹6,020"
140,Air India,DEL,CCU,9:50 AM,9:35 AM+1,,1 stop,"₹6,020"
141,Air India,DEL,CCU,4:15 PM,9:35 AM+1,,1 stop,"₹6,020"
142,Air India,DEL,CCU,8:40 PM,9:35 AM+1,,1 stop,"₹6,020"
143,Vistara,DEL,CCU,7:10 AM,7:55 PM,,2 stops,"₹6,026"
144,Air India,DEL,CCU,5:15 PM,12:10 PM+1,,3 stops,"₹6,046"
145,Vistara,DEL,CCU,7:50 PM,9:40 AM+2,,1 stop,"₹6,060"
146,SpiceJet,DEL,CCU,7:20 PM,9:25 PM+1,,1 stop,"₹6,107"
147,IndiGo,DEL,CCU,7:20 AM,3:20 PM,,1 stop,"₹6,138"
148,IndiGo,DEL,CCU,7:20 AM,5:55 PM,,1 stop,"₹6,138"
149,Air India,DEL,CCU,5:50 PM,8:05 AM+2,,3 stops,"₹6,214"
150,Air India,DEL,CCU,7:00 PM,8:05 AM+2,,2 stops,"₹6,214"
151,Air India,DEL,CCU,8:00 PM,8:05 AM+2,,2 stops,"₹6,214"
152,Air India,DEL,CCU,9:25 AM,4:05 PM,,1 stop,"₹6,287"
153,Air India,DEL,CCU,9:25 AM,2:45 PM+1,,1 stop,"₹6,287"
154,Vistara,DEL,CCU,7:30 AM,7:55 PM,,2 stops,"₹6,289"
155,Vistara,DEL,CCU,5:40 PM,9:40 AM+2,,2 stops,"₹6,292"
156,Vistara,DEL,CCU,8:35 PM,9:40 AM+2,,2 stops,"₹6,292"
157,Vistara,DEL,CCU,8:35 PM,9:40 AM+2,,2 stops,"₹6,292"
158,Vistara,DEL,CCU,8:35 PM,9:40 AM+2,,2 stops,"₹6,292"
159,Air India,DEL,CCU,9:25 AM,4:05 PM,,2 stops,"₹6,298"
160,Vistara,DEL,CCU,1:30 PM,9:40 AM+1,,2 stops,"₹6,341"
161,Vistara,DEL,CCU,7:55 PM,4:55 PM+1,,2 stops,"₹6,341"
162,Vistara,DEL,CCU,7:55 PM,4:55 PM+1,,2 stops,"₹6,341"
163,"Air India, Alliance Air",DEL,CCU,9:15 PM,8:05 AM+2,,2 stops,"₹6,382"
164,"Air India, Alliance Air",DEL,CCU,5:15 PM,5:15 AM+2,,2 stops,"₹6,572"
165,Air India,DEL,CCU,5:15 PM,8:50 AM+1,,2 stops,"₹6,917"
166,Air India,DEL,CCU,5:50 PM,5:15 AM+2,,3 stops,"₹6,928"
167,Air India,DEL,CCU,5:50 PM,5:15 AM+2,,3 stops,"₹6,928"
168,Air India,DEL,CCU,6:00 PM,5:15 AM+2,,2 stops,"₹6,928"
169,Air India,DEL,CCU,6:00 PM,5:15 AM+2,,2 stops,"₹6,928"
170,Air India,DEL,CCU,7:00 PM,5:15 AM+2,,2 stops,"₹6,928"
171,Air India,DEL,CCU,7:00 PM,5:15 AM+2,,2 stops,"₹6,928"
172,Air India,DEL,CCU,8:00 PM,5:15 AM+2,,2 stops,"₹6,928"
173,Air India,DEL,CCU,8:00 PM,5:15 AM+2,,2 stops,"₹6,928"
174,"Air India, Alliance Air",DEL,CCU,5:15 AM,8:05 PM,,1 stop,"₹6,994"
175,"Air India, Alliance Air",DEL,CCU,4:30 PM,8:05 PM+1,,1 stop,"₹6,994"
176,"Air India, Alliance Air",DEL,CCU,5:15 AM,8:05 PM,,2 stops,"₹7,003"
177,"Air India, Alliance Air",DEL,CCU,4:30 PM,8:05 PM+1,,2 stops,"₹7,003"
178,Vistara,DEL,CCU,5:55 AM,4:55 PM,,2 stops,"₹7,375"
179,Vistara,DEL,CCU,5:55 AM,7:55 PM,,2 stops,"₹7,375"
180,Vistara,DEL,CCU,8:40 PM,9:40 AM+2,,2 stops,"₹7,379"
181,Air India,DEL,CCU,6:40 PM,5:15 AM+2,,2 stops,"₹7,421"
182,Air India,DEL,CCU,5:50 PM,11:40 PM+1,,2 stops,"₹7,746"
183,Air India,DEL,CCU,7:00 PM,11:40 PM+1,,1 stop,"₹7,746"
184,Air India,DEL,CCU,8:00 PM,11:40 PM+1,,1 stop,"₹7,746"
185,Air India,DEL,CCU,6:30 PM,5:15 AM+2,,2 stops,"₹7,794"
186,Air India,DEL,CCU,8:00 PM,1:55 PM+2,,2 stops,"₹7,997"
187,Air India,DEL,CCU,8:00 PM,1:55 PM+2,,2 stops,"₹8,057"
188,IndiGo,DEL,CCU,2:40 PM,7:50 PM,,1 stop,"₹8,281"
189,IndiGo,DEL,CCU,2:40 PM,10:25 PM,,1 stop,"₹8,281"
190,"Air India, Alliance Air",DEL,CCU,5:45 AM,5:15 AM+1,,2 stops,"₹8,609"
191,"Air India, Alliance Air",DEL,CCU,10:00 PM,5:15 AM+2,,2 stops,"₹8,702"
192,"Alliance Air, Air India",DEL,CCU,6:10 PM,11:40 PM+1,,2 stops,"₹8,834"
193,Air India,DEL,CCU,4:55 AM,12:10 PM+1,,2 stops,"₹8,926"
194,Air India,DEL,CCU,10:35 AM,5:15 AM+1,,2 stops,"₹9,054"
195,Air India,DEL,CCU,8:10 AM,11:40 PM+1,,2 stops,"₹9,101"
196,Air India,DEL,CCU,5:15 PM,11:40 PM+1,,2 stops,"₹9,101"
197,Air India,DEL,CCU,4:15 PM,11:40 PM+1,,2 stops,"₹9,128"
198,Air India,DEL,CCU,8:40 PM,11:40 PM+1,,2 stops,"₹9,128"
199,Air India,DEL,CCU,2:45 PM,11:40 PM+1,,2 stops,"₹9,290"
200,Air India,DEL,CCU,4:55 AM,8:50 AM+1,,2 stops,"₹9,797"
201,Air India,DEL,CCU,9:15 PM,11:40 PM+1,,2 stops,"₹10,193"
202,Air India,DEL,CCU,10:00 PM,11:40 PM+1,,2 stops,"₹10,797"
203,Air India,DEL,CCU,10:00 PM,11:40 PM+1,,2 stops,"₹11,532"
204,Air India,DEL,CCU,9:15 PM,11:40 PM+1,,2 stops,"₹11,996"
205,"Air India, Alliance Air",DEL,CCU,10:55 AM,5:15 AM+1,,2 stops,"₹12,115"
206,Singapore Airlines,DEL,CCU,10:00 AM,10:40 PM,,1 stop,"₹40,964"
207,Singapore Airlines,DEL,CCU,9:40 PM,10:40 PM+1,,1 stop,"₹40,964"
208,Emirates,DEL,CCU,10:35 AM,7:40 AM+1,,1 stop,"₹47,523"
209,Emirates,DEL,CCU,4:15 PM,7:40 AM+1,,1 stop,"₹50,810"
210,Emirates,DEL,CCU,4:10 AM,7:40 AM+1,,1 stop,"₹71,810"
