,Airline_Name,Source,Destination,Departure_Time,Arrival_Time,Duration,Total_Stops,Price
0,SpiceJet,DEL,BOM,7:45 PM,10:05 PM,,Nonstop,"₹1,964"
1,GO FIRST,DEL,BOM,1:30 PM,3:35 PM,,Nonstop,"₹2,090"
2,Air India,DEL,BOM,9:00 AM,11:15 AM,,Nonstop,"₹2,221"
3,SpiceJet,DEL,BOM,7:20 AM,9:35 AM,,Nonstop,"₹1,964"
4,SpiceJet,DEL,BOM,6:20 AM,8:40 AM,,Nonstop,"₹1,965"
5,GO FIRST,DEL,BOM,2:00 AM,4:15 AM,,Nonstop,"₹2,090"
6,GO FIRST,DEL,BOM,7:00 AM,9:10 AM,,Nonstop,"₹2,090"
7,GO FIRST,DEL,BOM,8:00 AM,10:10 AM,,Nonstop,"₹2,090"
8,GO FIRST,DEL,BOM,10:30 AM,12:50 PM,,Nonstop,"₹2,090"
9,GO FIRST,DEL,BOM,2:20 PM,4:35 PM,,Nonstop,"₹2,090"
10,GO FIRST,DEL,BOM,3:00 PM,5:15 PM,,Nonstop,"₹2,090"
11,GO FIRST,DEL,BOM,3:30 PM,5:35 PM,,Nonstop,"₹2,090"
12,GO FIRST,DEL,BOM,5:00 PM,7:05 PM,,Nonstop,"₹2,090"
13,GO FIRST,DEL,BOM,6:05 PM,8:25 PM,,Nonstop,"₹2,090"
14,GO FIRST,DEL,BOM,7:40 PM,9:55 PM,,Nonstop,"₹2,090"
15,GO FIRST,DEL,BOM,9:00 PM,11:15 PM,,Nonstop,"₹2,090"
16,SpiceJet,DEL,BOM,7:45 AM,12:00 PM,,1 stop,"₹2,176"
17,SpiceJet,DEL,BOM,6:55 PM,9:05 PM,,Nonstop,"₹2,176"
18,SpiceJet,DEL,BOM,7:45 AM,12:00 PM,,Nonstop,"₹2,216"
19,Air India,DEL,BOM,7:00 AM,9:05 AM,,Nonstop,"₹2,221"
20,Air India,DEL,BOM,8:00 AM,10:10 AM,,Nonstop,"₹2,221"
21,Air India,DEL,BOM,2:45 PM,6:00 PM,,Nonstop,"₹2,221"
22,Air India,DEL,BOM,5:50 PM,9:35 PM,,Nonstop,"₹2,221"
23,Air India,DEL,BOM,6:00 PM,8:00 PM,,Nonstop,"₹2,221"
24,Air India,DEL,BOM,7:00 PM,9:15 PM,,Nonstop,"₹2,221"
25,Air India,DEL,BOM,8:00 PM,10:10 PM,,Nonstop,"₹2,221"
26,Air India,DEL,BOM,2:45 PM,6:00 PM,,1 stop,"₹2,234"
27,Air India,DEL,BOM,5:50 PM,9:35 PM,,1 stop,"₹2,234"
28,IndiGo,DEL,BOM,7:15 AM,9:25 AM,,Nonstop,"₹2,300"
29,IndiGo,DEL,BOM,8:45 AM,11:05 AM,,Nonstop,"₹2,300"
30,IndiGo,DEL,BOM,9:30 AM,12:00 PM,,Nonstop,"₹2,300"
31,IndiGo,DEL,BOM,12:00 PM,2:10 PM,,Nonstop,"₹2,300"
32,IndiGo,DEL,BOM,2:20 PM,4:35 PM,,Nonstop,"₹2,300"
33,IndiGo,DEL,BOM,5:15 PM,7:25 PM,,Nonstop,"₹2,300"
34,IndiGo,DEL,BOM,6:40 PM,8:50 PM,,Nonstop,"₹2,300"
35,IndiGo,DEL,BOM,9:15 PM,11:30 PM,,Nonstop,"₹2,300"
36,IndiGo,DEL,BOM,10:30 AM,2:35 PM,,1 stop,"₹2,353"
37,IndiGo,DEL,BOM,10:30 AM,6:50 PM,,1 stop,"₹2,353"
38,Vistara,DEL,BOM,5:45 AM,7:55 AM,,Nonstop,"₹2,410"
39,Vistara,DEL,BOM,9:30 AM,11:35 AM,,Nonstop,"₹2,410"
40,Vistara,DEL,BOM,10:20 AM,12:35 PM,,Nonstop,"₹2,410"
41,Vistara,DEL,BOM,11:40 AM,2:00 PM,,Nonstop,"₹2,410"
42,Vistara,DEL,BOM,12:50 PM,3:00 PM,,Nonstop,"₹2,410"
43,Vistara,DEL,BOM,2:20 PM,4:30 PM,,Nonstop,"₹2,410"
44,Vistara,DEL,BOM,3:30 PM,5:40 PM,,Nonstop,"₹2,410"
45,Vistara,DEL,BOM,8:40 PM,10:50 PM,,Nonstop,"₹2,410"
46,Vistara,DEL,BOM,9:40 PM,11:50 PM,,Nonstop,"₹2,410"
47,SpiceJet,DEL,BOM,8:35 PM,9:00 AM+1,,1 stop,"₹2,774"
48,GO FIRST,DEL,BOM,6:00 AM,3:20 PM,,1 stop,"₹3,010"
49,GO FIRST,DEL,BOM,4:40 PM,9:25 PM,,1 stop,"₹3,010"
50,GO FIRST,DEL,BOM,4:40 PM,2:00 AM+1,,1 stop,"₹3,010"
51,GO FIRST,DEL,BOM,7:55 PM,2:00 AM+1,,1 stop,"₹3,010"
52,"Alliance Air, Air India",DEL,BOM,6:10 PM,3:50 PM+1,,1 stop,"₹3,036"
53,Vistara,DEL,BOM,7:30 AM,9:45 AM,,Nonstop,"₹3,100"
54,Vistara,DEL,BOM,8:50 AM,11:10 AM,,Nonstop,"₹3,100"
55,Vistara,DEL,BOM,4:45 PM,7:05 PM,,Nonstop,"₹3,100"
56,Vistara,DEL,BOM,5:45 PM,8:05 PM,,Nonstop,"₹3,100"
57,Vistara,DEL,BOM,7:00 PM,9:15 PM,,Nonstop,"₹3,100"
58,SpiceJet,DEL,BOM,3:45 PM,5:30 PM+1,,1 stop,"₹3,114"
59,SpiceJet,DEL,BOM,6:10 PM,7:25 AM+1,,1 stop,"₹3,114"
60,Vistara,DEL,BOM,7:50 PM,10:00 PM,,Nonstop,"₹3,225"
61,IndiGo,DEL,BOM,2:05 PM,5:55 PM,,1 stop,"₹3,261"
62,IndiGo,DEL,BOM,2:05 PM,10:25 PM,,1 stop,"₹3,261"
63,IndiGo,DEL,BOM,10:15 AM,5:55 PM,,1 stop,"₹3,376"
64,IndiGo,DEL,BOM,6:00 PM,10:25 PM,,1 stop,"₹3,376"
65,Air India,DEL,BOM,8:00 PM,8:45 PM+1,,1 stop,"₹3,422"
66,IndiGo,DEL,BOM,9:50 PM,8:15 AM+1,,1 stop,"₹3,436"
67,Vistara,DEL,BOM,7:10 AM,2:30 PM,,1 stop,"₹3,569"
68,Vistara,DEL,BOM,7:10 AM,10:35 PM,,1 stop,"₹3,569"
69,Vistara,DEL,BOM,7:10 AM,9:00 AM+1,,1 stop,"₹3,569"
70,Vistara,DEL,BOM,7:10 AM,11:40 AM+1,,1 stop,"₹3,569"
71,Air India,DEL,BOM,8:10 AM,11:55 PM,,1 stop,"₹3,576"
72,Air India,DEL,BOM,5:15 PM,11:55 PM,,1 stop,"₹3,576"
73,Air India,DEL,BOM,9:25 PM,11:55 PM+1,,1 stop,"₹3,576"
74,Air India,DEL,BOM,6:05 AM,5:05 PM,,1 stop,"₹3,600"
75,Air India,DEL,BOM,9:50 AM,5:05 PM,,1 stop,"₹3,600"
76,Air India,DEL,BOM,4:15 PM,5:05 PM+1,,1 stop,"₹3,600"
77,Air India,DEL,BOM,8:40 PM,5:05 PM+1,,1 stop,"₹3,600"
78,Air India,DEL,BOM,5:20 PM,8:45 PM+1,,1 stop,"₹3,768"
79,Air India,DEL,BOM,2:45 PM,6:00 PM+1,,1 stop,"₹3,772"
80,Vistara,DEL,BOM,7:30 AM,2:30 PM,,1 stop,"₹3,832"
81,Vistara,DEL,BOM,7:30 AM,11:00 PM,,1 stop,"₹3,832"
82,Vistara,DEL,BOM,10:25 AM,11:00 PM,,1 stop,"₹3,832"
83,Vistara,DEL,BOM,10:25 AM,10:00 AM+1,,1 stop,"₹3,832"
84,Vistara,DEL,BOM,2:45 PM,11:00 PM,,1 stop,"₹3,832"
85,Vistara,DEL,BOM,2:45 PM,10:00 AM+1,,1 stop,"₹3,832"
86,Vistara,DEL,BOM,2:45 PM,2:30 PM+1,,1 stop,"₹3,832"
87,Vistara,DEL,BOM,5:40 PM,11:00 PM,,1 stop,"₹3,832"
88,Vistara,DEL,BOM,5:40 PM,10:00 AM+1,,1 stop,"₹3,832"
89,Vistara,DEL,BOM,5:40 PM,2:30 PM+1,,1 stop,"₹3,832"
90,Vistara,DEL,BOM,8:35 PM,10:00 AM+1,,1 stop,"₹3,832"
91,Vistara,DEL,BOM,8:35 PM,2:30 PM+1,,1 stop,"₹3,832"
92,Vistara,DEL,BOM,8:35 PM,11:00 PM+1,,1 stop,"₹3,832"
93,IndiGo,DEL,BOM,12:55 PM,11:15 PM,,1 stop,"₹3,849"
94,Air India,DEL,BOM,1:15 PM,5:50 PM,,1 stop,"₹3,852"
95,Vistara,DEL,BOM,1:30 PM,10:35 PM,,1 stop,"₹3,884"
96,Vistara,DEL,BOM,1:30 PM,9:00 AM+1,,1 stop,"₹3,884"
97,Vistara,DEL,BOM,1:30 PM,11:40 AM+1,,1 stop,"₹3,884"
98,Vistara,DEL,BOM,5:25 PM,9:00 AM+1,,1 stop,"₹3,884"
99,Vistara,DEL,BOM,5:25 PM,11:40 AM+1,,1 stop,"₹3,884"
100,Vistara,DEL,BOM,5:25 PM,2:30 PM+1,,1 stop,"₹3,884"
101,Vistara,DEL,BOM,7:55 PM,9:00 AM+1,,1 stop,"₹3,884"
102,Vistara,DEL,BOM,7:55 PM,11:40 AM+1,,1 stop,"₹3,884"
103,Vistara,DEL,BOM,7:55 PM,2:30 PM+1,,1 stop,"₹3,884"
104,Vistara,DEL,BOM,7:30 AM,10:00 AM+1,,1 stop,"₹3,887"
105,Vistara,DEL,BOM,1:30 PM,2:30 PM+1,,1 stop,"₹3,887"
106,Vistara,DEL,BOM,7:55 PM,10:35 PM+1,,1 stop,"₹3,887"
107,Air India,DEL,BOM,5:55 AM,11:25 PM,,1 stop,"₹3,906"
108,Air India,DEL,BOM,8:40 AM,11:25 PM,,1 stop,"₹3,906"
109,Air India,DEL,BOM,8:40 AM,9:45 AM+1,,1 stop,"₹3,906"
110,Air India,DEL,BOM,6:05 AM,5:05 PM+1,,1 stop,"₹3,927"
111,Air India,DEL,BOM,9:50 AM,5:05 PM+1,,1 stop,"₹3,927"
112,Air India,DEL,BOM,8:40 PM,8:05 AM+2,,1 stop,"₹3,927"
113,IndiGo,DEL,BOM,7:20 AM,12:25 PM,,1 stop,"₹3,945"
114,IndiGo,DEL,BOM,5:15 AM,10:05 AM,,1 stop,"₹3,946"
115,IndiGo,DEL,BOM,10:15 PM,8:25 AM+1,,1 stop,"₹3,946"
116,Air India,DEL,BOM,5:15 AM,11:05 PM,,1 stop,"₹3,978"
117,Air India,DEL,BOM,5:15 AM,9:20 AM+1,,2 stops,"₹3,987"
118,Air India,DEL,BOM,9:45 AM,11:55 PM,,1 stop,"₹3,996"
119,Air India,DEL,BOM,9:25 PM,9:40 AM+2,,1 stop,"₹4,156"
120,Vistara,DEL,BOM,5:25 PM,10:35 PM+1,,1 stop,"₹4,205"
121,Vistara,DEL,BOM,10:25 AM,2:30 PM+1,,1 stop,"₹4,455"
122,GO FIRST,DEL,BOM,9:10 AM,4:15 PM,,1 stop,"₹4,473"
123,Vistara,DEL,BOM,1:20 PM,4:00 PM+1,,1 stop,"₹4,485"
124,GO FIRST,DEL,BOM,6:05 AM,11:40 AM,,1 stop,"₹4,494"
125,Air India,DEL,BOM,5:50 PM,9:35 PM+1,,1 stop,"₹4,581"
126,SpiceJet,DEL,BOM,7:20 PM,11:50 PM,,1 stop,"₹4,602"
127,Air India,DEL,BOM,5:20 PM,9:05 PM+1,,1 stop,"₹4,680"
128,Air India,DEL,BOM,9:15 PM,8:35 AM+1,,1 stop,"₹4,680"
129,Air India,DEL,BOM,9:15 PM,9:05 PM+1,,1 stop,"₹4,680"
130,Air India,DEL,BOM,8:15 PM,12:25 PM+1,,1 stop,"₹4,696"
131,Air India,DEL,BOM,8:15 PM,5:50 PM+1,,2 stops,"₹4,696"
132,GO FIRST,DEL,BOM,9:00 AM,3:45 PM,,1 stop,"₹4,767"
133,Air India,DEL,BOM,11:00 AM,5:25 PM,,1 stop,"₹4,780"
134,Air India,DEL,BOM,6:40 PM,5:25 PM+1,,1 stop,"₹4,780"
135,Vistara,DEL,BOM,1:40 PM,3:15 PM+1,,1 stop,"₹4,786"
136,Vistara,DEL,BOM,5:55 AM,11:25 AM,,1 stop,"₹4,918"
137,Vistara,DEL,BOM,8:05 AM,8:15 PM,,1 stop,"₹4,918"
138,Vistara,DEL,BOM,9:05 AM,8:15 PM,,1 stop,"₹4,918"
139,Vistara,DEL,BOM,9:05 AM,8:45 PM,,1 stop,"₹4,918"
140,Vistara,DEL,BOM,2:15 PM,8:15 PM,,1 stop,"₹4,918"
141,Vistara,DEL,BOM,2:15 PM,8:45 PM,,1 stop,"₹4,918"
142,Vistara,DEL,BOM,2:15 PM,9:50 PM,,1 stop,"₹4,918"
143,Vistara,DEL,BOM,2:15 PM,11:25 PM,,1 stop,"₹4,918"
144,Vistara,DEL,BOM,4:05 PM,9:50 PM,,1 stop,"₹4,918"
145,Vistara,DEL,BOM,4:05 PM,11:25 PM,,1 stop,"₹4,918"
146,Vistara,DEL,BOM,5:35 PM,11:25 PM,,1 stop,"₹4,918"
147,Vistara,DEL,BOM,7:50 PM,8:15 AM+1,,1 stop,"₹4,918"
148,Vistara,DEL,BOM,8:40 PM,8:15 AM+1,,1 stop,"₹4,918"
149,Vistara,DEL,BOM,6:30 AM,1:00 PM,,1 stop,"₹4,939"
150,Vistara,DEL,BOM,7:30 AM,1:00 PM,,1 stop,"₹4,939"
151,Vistara,DEL,BOM,3:55 PM,11:30 PM,,1 stop,"₹4,939"
152,Vistara,DEL,BOM,5:30 PM,1:00 PM+1,,1 stop,"₹4,942"
153,Vistara,DEL,BOM,8:30 PM,1:00 PM+1,,1 stop,"₹4,942"
154,Vistara,DEL,BOM,8:30 PM,8:20 PM+1,,1 stop,"₹4,942"
155,Vistara,DEL,BOM,5:35 PM,8:15 AM+1,,1 stop,"₹4,968"
156,Vistara,DEL,BOM,7:50 PM,10:15 AM+1,,1 stop,"₹4,968"
157,Vistara,DEL,BOM,7:50 PM,8:15 PM+1,,1 stop,"₹4,968"
158,Vistara,DEL,BOM,7:50 PM,8:45 PM+1,,1 stop,"₹4,968"
159,Vistara,DEL,BOM,8:40 PM,10:15 AM+1,,1 stop,"₹4,968"
160,Vistara,DEL,BOM,8:40 PM,11:25 AM+1,,1 stop,"₹4,968"
161,Vistara,DEL,BOM,8:40 PM,8:15 PM+1,,1 stop,"₹4,968"
162,Vistara,DEL,BOM,8:40 PM,8:45 PM+1,,1 stop,"₹4,968"
163,Vistara,DEL,BOM,8:40 PM,9:50 PM+1,,1 stop,"₹4,968"
164,Air India,DEL,BOM,7:05 AM,1:25 PM,,1 stop,"₹4,985"
165,Air India,DEL,BOM,6:30 PM,1:25 PM+1,,1 stop,"₹4,985"
166,Air India,DEL,BOM,12:55 PM,7:15 PM,,1 stop,"₹5,002"
167,GO FIRST,DEL,BOM,5:50 AM,3:20 PM,,1 stop,"₹5,063"
168,Vistara,DEL,BOM,8:35 PM,8:15 AM+2,,2 stops,"₹5,158"
169,Vistara,DEL,BOM,8:35 PM,8:15 AM+2,,2 stops,"₹5,158"
170,Air India,DEL,BOM,11:55 AM,3:50 PM,,1 stop,"₹5,195"
171,GO FIRST,DEL,BOM,8:00 AM,5:00 PM,,1 stop,"₹5,264"
172,GO FIRST,DEL,BOM,9:00 AM,5:00 PM,,1 stop,"₹5,264"
173,GO FIRST,DEL,BOM,10:45 AM,5:00 PM,,1 stop,"₹5,264"
174,GO FIRST,DEL,BOM,11:30 AM,5:00 PM,,1 stop,"₹5,264"
175,Air India,DEL,BOM,10:00 PM,8:20 AM+1,,1 stop,"₹5,279"
176,Air India,DEL,BOM,10:00 PM,12:10 AM+2,,1 stop,"₹5,279"
177,GO FIRST,DEL,BOM,12:50 PM,10:05 PM,,1 stop,"₹5,280"
178,GO FIRST,DEL,BOM,3:00 PM,10:05 PM,,1 stop,"₹5,280"
179,Air India,DEL,BOM,10:15 AM,3:40 PM,,1 stop,"₹5,394"
180,Air India,DEL,BOM,11:00 AM,5:25 PM+1,,1 stop,"₹5,488"
181,IndiGo,DEL,BOM,6:25 AM,4:40 PM,,1 stop,"₹5,509"
182,Air India,DEL,BOM,5:15 AM,4:25 PM,,2 stops,"₹5,606"
183,Air India,DEL,BOM,4:30 PM,4:25 PM+1,,2 stops,"₹5,606"
184,GO FIRST,DEL,BOM,9:15 AM,6:10 PM,,1 stop,"₹5,634"
185,GO FIRST,DEL,BOM,11:50 AM,6:10 PM,,1 stop,"₹5,634"
186,GO FIRST,DEL,BOM,12:20 PM,6:10 PM,,1 stop,"₹5,634"
187,GO FIRST,DEL,BOM,1:45 PM,10:20 PM,,2 stops,"₹5,634"
188,Vistara,DEL,BOM,1:20 PM,6:20 PM,,1 stop,"₹5,640"
189,GO FIRST,DEL,BOM,1:45 PM,10:20 PM,,1 stop,"₹5,674"
190,Air India,DEL,BOM,4:45 PM,5:50 PM+1,,1 stop,"₹5,683"
191,Vistara,DEL,BOM,5:10 PM,9:35 PM,,1 stop,"₹5,819"
192,Air India,DEL,BOM,10:00 PM,8:20 AM+2,,1 stop,"₹5,871"
193,IndiGo,DEL,BOM,7:25 AM,4:05 PM,,1 stop,"₹5,887"
194,Air India,DEL,BOM,10:35 AM,5:50 PM,,1 stop,"₹5,998"
195,Air India,DEL,BOM,10:00 PM,4:35 PM+1,,1 stop,"₹6,014"
196,Air India,DEL,BOM,5:30 AM,4:25 PM,,1 stop,"₹6,066"
197,Air India,DEL,BOM,8:15 PM,8:05 PM+1,,1 stop,"₹6,072"
198,"Air India, Alliance Air",DEL,BOM,5:20 PM,12:10 AM+2,,2 stops,"₹6,277"
199,"Air India, Alliance Air",DEL,BOM,9:15 PM,12:10 AM+2,,2 stops,"₹6,277"
200,"Air India, Alliance Air",DEL,BOM,6:10 AM,12:10 AM+1,,2 stops,"₹6,434"
201,"Air India, Alliance Air",DEL,BOM,9:45 AM,12:10 AM+1,,2 stops,"₹6,434"
202,"Air India, Alliance Air",DEL,BOM,1:30 PM,12:10 AM+1,,2 stops,"₹6,434"
203,Air India,DEL,BOM,2:30 PM,4:25 PM+1,,1 stop,"₹6,465"
204,Vistara,DEL,BOM,1:45 PM,5:10 PM+1,,1 stop,"₹6,476"
205,Air India,DEL,BOM,4:55 AM,1:45 PM,,1 stop,"₹6,478"
206,Air India,DEL,BOM,9:15 PM,1:45 PM+1,,1 stop,"₹6,478"
207,Air India,DEL,BOM,10:55 AM,4:35 PM,,1 stop,"₹6,749"
208,Air India,DEL,BOM,10:55 AM,12:10 AM+1,,1 stop,"₹6,749"
209,"Air India, Alliance Air",DEL,BOM,10:00 PM,10:25 PM+1,,1 stop,"₹7,127"
210,AirAsia (India),DEL,BOM,12:40 PM,2:25 AM+1,,1 stop,"₹7,229"
211,Air India,DEL,BOM,8:15 PM,8:05 AM+2,,2 stops,"₹7,684"
212,Air India,DEL,BOM,9:15 PM,5:25 PM+1,,2 stops,"₹7,763"
213,GO FIRST,DEL,BOM,10:50 AM,6:20 PM,,1 stop,"₹12,967"
214,GO FIRST,DEL,BOM,10:50 AM,7:40 PM,,1 stop,"₹12,967"
215,Air India,DEL,BOM,2:30 PM,4:00 AM+1,,2 stops,"₹15,871"
216,Air India,DEL,BOM,7:20 PM,7:25 AM+1,,1 stop,"₹30,862"
217,Emirates,DEL,BOM,10:35 AM,2:15 AM+1,,1 stop,"₹31,191"
218,Oman Air,DEL,BOM,3:25 PM,6:40 AM+1,,1 stop,"₹33,958"
219,Emirates,DEL,BOM,4:15 PM,2:15 AM+1,,1 stop,"₹34,483"
220,Emirates,DEL,BOM,10:35 AM,8:25 AM+1,,1 stop,"₹35,013"
221,Emirates,DEL,BOM,4:15 PM,8:25 AM+1,,1 stop,"₹38,305"
222,Kuwait Airways,DEL,BOM,12:15 AM,12:50 AM+1,,1 stop,"₹46,189"
223,Saudia,DEL,BOM,7:55 PM,4:20 PM+1,,1 stop,"₹46,723"
224,Emirates,DEL,BOM,4:10 AM,2:15 AM+1,,1 stop,"₹52,196"
225,Qatar Airways,DEL,BOM,10:00 AM,8:00 AM+1,,1 stop,"₹53,656"
226,Emirates,DEL,BOM,4:10 AM,5:45 PM,,1 stop,"₹57,567"
227,Qatar Airways,DEL,BOM,10:00 AM,10:00 PM,,1 stop,"₹58,696"
228,Qatar Airways,DEL,BOM,10:00 AM,2:30 AM+1,,1 stop,"₹58,696"
229,Qatar Airways,DEL,BOM,3:40 AM,8:00 AM+1,,1 stop,"₹60,586"
230,Qatar Airways,DEL,BOM,3:40 AM,10:00 PM,,1 stop,"₹63,316"
231,Qatar Airways,DEL,BOM,3:40 AM,2:30 AM+1,,1 stop,"₹63,316"
232,Qatar Airways,DEL,BOM,9:15 PM,8:00 AM+1,,1 stop,"₹67,322"
233,Etihad,DEL,BOM,4:15 AM,1:00 AM+1,,1 stop,"₹74,161"
