,Airline_Name,Source,Destination,Departure_Time,Arrival_Time,Duration,Total_Stops,Price
0,IndiGo,DEL,MAA,7:25 AM,10:20 AM,,Nonstop,"₹1,899"
1,Vistara,DEL,MAA,7:10 AM,9:55 AM,,Nonstop,"₹1,961"
2,SpiceJet,DEL,MAA,6:15 AM,9:10 AM,,Nonstop,"₹1,967"
3,SpiceJet,DEL,MAA,6:55 PM,9:45 PM,,Nonstop,"₹1,967"
4,Air India,DEL,MAA,6:05 AM,8:55 AM,,Nonstop,"₹2,088"
5,Air India,DEL,MAA,9:50 AM,12:40 PM,,Nonstop,"₹2,088"
6,Air India,DEL,MAA,8:40 PM,11:35 PM,,Nonstop,"₹2,088"
7,IndiGo,DEL,MAA,8:35 AM,11:25 AM,,Nonstop,"₹2,243"
8,IndiGo,DEL,MAA,12:45 PM,3:40 PM,,Nonstop,"₹2,243"
9,IndiGo,DEL,MAA,8:30 PM,11:20 PM,,Nonstop,"₹2,243"
10,IndiGo,DEL,MAA,11:05 PM,1:55 AM+1,,Nonstop,"₹2,243"
11,Vistara,DEL,MAA,1:30 PM,4:20 PM,,Nonstop,"₹2,364"
12,Vistara,DEL,MAA,5:25 PM,8:15 PM,,Nonstop,"₹2,364"
13,Vistara,DEL,MAA,7:55 PM,10:45 PM,,Nonstop,"₹2,364"
14,SpiceJet,DEL,MAA,5:45 AM,8:40 AM,,Nonstop,"₹2,396"
15,SpiceJet,DEL,MAA,6:25 PM,9:15 PM,,Nonstop,"₹2,396"
16,Air India,DEL,MAA,4:15 PM,7:00 PM,,Nonstop,"₹2,403"
17,IndiGo,DEL,MAA,9:15 PM,7:45 AM+1,,1 stop,"₹2,440"
18,IndiGo,DEL,MAA,5:30 PM,8:25 PM,,Nonstop,"₹2,537"
19,SpiceJet,DEL,MAA,6:35 PM,2:25 PM+1,,1 stop,"₹2,557"
20,GO FIRST,DEL,MAA,12:30 PM,5:10 PM,,1 stop,"₹2,673"
21,"Air India, Alliance Air",DEL,MAA,8:10 AM,8:00 AM+1,,1 stop,"₹2,841"
22,"Air India, Alliance Air",DEL,MAA,5:15 PM,8:00 AM+1,,1 stop,"₹2,841"
23,"Air India, Alliance Air",DEL,MAA,6:20 PM,8:00 AM+1,,1 stop,"₹2,841"
24,"Air India, Alliance Air",DEL,MAA,9:25 PM,8:00 AM+1,,1 stop,"₹2,841"
25,SpiceJet,DEL,MAA,6:20 AM,9:20 PM,,1 stop,"₹3,110"
26,SpiceJet,DEL,MAA,7:20 AM,9:20 PM,,1 stop,"₹3,110"
27,SpiceJet,DEL,MAA,7:20 AM,8:00 AM+1,,1 stop,"₹3,110"
28,SpiceJet,DEL,MAA,6:55 PM,8:00 AM+1,,1 stop,"₹3,110"
29,SpiceJet,DEL,MAA,7:45 PM,8:00 AM+1,,1 stop,"₹3,110"
30,SpiceJet,DEL,MAA,6:20 AM,8:00 AM+1,,1 stop,"₹3,140"
31,SpiceJet,DEL,MAA,6:55 PM,9:20 PM+1,,1 stop,"₹3,140"
32,SpiceJet,DEL,MAA,7:45 PM,9:20 PM+1,,1 stop,"₹3,140"
33,IndiGo,DEL,MAA,9:40 AM,8:05 PM,,1 stop,"₹3,166"
34,IndiGo,DEL,MAA,11:00 AM,8:05 PM,,1 stop,"₹3,166"
35,IndiGo,DEL,MAA,11:00 AM,10:05 PM,,1 stop,"₹3,166"
36,IndiGo,DEL,MAA,12:55 PM,8:05 PM,,1 stop,"₹3,166"
37,IndiGo,DEL,MAA,12:55 PM,10:05 PM,,1 stop,"₹3,166"
38,GO FIRST,DEL,MAA,7:20 AM,5:10 PM,,1 stop,"₹3,180"
39,"Air India, Alliance Air",DEL,MAA,9:45 AM,8:00 AM+1,,1 stop,"₹3,261"
40,SpiceJet,DEL,MAA,5:35 AM,7:55 AM+1,,1 stop,"₹3,324"
41,SpiceJet,DEL,MAA,11:55 AM,6:05 PM,,1 stop,"₹3,324"
42,SpiceJet,DEL,MAA,4:20 PM,6:25 PM+1,,1 stop,"₹3,324"
43,SpiceJet,DEL,MAA,7:30 PM,6:25 PM+1,,1 stop,"₹3,324"
44,SpiceJet,DEL,MAA,7:40 PM,7:55 AM+1,,1 stop,"₹3,324"
45,SpiceJet,DEL,MAA,10:30 PM,7:55 AM+1,,1 stop,"₹3,324"
46,IndiGo,DEL,MAA,6:10 AM,3:55 PM,,1 stop,"₹3,418"
47,IndiGo,DEL,MAA,8:20 AM,3:55 PM,,1 stop,"₹3,418"
48,IndiGo,DEL,MAA,8:20 AM,7:15 PM,,1 stop,"₹3,418"
49,GO FIRST,DEL,MAA,8:00 AM,10:20 PM,,1 stop,"₹3,486"
50,GO FIRST,DEL,MAA,10:30 AM,10:20 PM,,1 stop,"₹3,486"
51,GO FIRST,DEL,MAA,1:30 PM,10:20 PM,,1 stop,"₹3,486"
52,GO FIRST,DEL,MAA,2:20 PM,10:20 PM,,1 stop,"₹3,486"
53,GO FIRST,DEL,MAA,3:00 PM,10:20 PM,,1 stop,"₹3,486"
54,GO FIRST,DEL,MAA,3:30 PM,10:20 PM,,1 stop,"₹3,486"
55,GO FIRST,DEL,MAA,5:00 PM,10:20 PM,,1 stop,"₹3,486"
56,GO FIRST,DEL,MAA,5:00 PM,7:40 AM+1,,1 stop,"₹3,486"
57,GO FIRST,DEL,MAA,6:05 PM,7:40 AM+1,,1 stop,"₹3,486"
58,GO FIRST,DEL,MAA,7:40 PM,7:40 AM+1,,1 stop,"₹3,486"
59,GO FIRST,DEL,MAA,9:00 PM,7:40 AM+1,,1 stop,"₹3,486"
60,GO FIRST,DEL,MAA,3:30 PM,12:45 AM+1,,1 stop,"₹3,571"
61,GO FIRST,DEL,MAA,4:35 PM,12:45 AM+1,,1 stop,"₹3,571"
62,GO FIRST,DEL,MAA,6:20 PM,12:45 AM+1,,1 stop,"₹3,571"
63,GO FIRST,DEL,MAA,7:55 PM,12:45 AM+1,,1 stop,"₹3,571"
64,Air India,DEL,MAA,7:00 AM,7:20 AM+1,,1 stop,"₹3,733"
65,Air India,DEL,MAA,7:00 AM,10:55 AM+1,,1 stop,"₹3,733"
66,Air India,DEL,MAA,8:00 AM,7:20 AM+1,,1 stop,"₹3,733"
67,Air India,DEL,MAA,8:00 AM,10:55 AM+1,,1 stop,"₹3,733"
68,Air India,DEL,MAA,9:00 AM,7:20 AM+1,,1 stop,"₹3,733"
69,Air India,DEL,MAA,9:00 AM,10:55 AM+1,,1 stop,"₹3,733"
70,Air India,DEL,MAA,2:45 PM,7:20 AM+1,,1 stop,"₹3,733"
71,Air India,DEL,MAA,2:45 PM,10:55 AM+1,,1 stop,"₹3,733"
72,Air India,DEL,MAA,5:50 PM,7:20 AM+1,,1 stop,"₹3,733"
73,Air India,DEL,MAA,5:50 PM,10:55 AM+1,,1 stop,"₹3,733"
74,Air India,DEL,MAA,6:00 PM,7:20 AM+1,,1 stop,"₹3,733"
75,Air India,DEL,MAA,6:00 PM,10:55 AM+1,,1 stop,"₹3,733"
76,Air India,DEL,MAA,7:00 PM,7:20 AM+1,,1 stop,"₹3,733"
77,Air India,DEL,MAA,7:00 PM,10:55 AM+1,,1 stop,"₹3,733"
78,Air India,DEL,MAA,8:00 PM,7:20 AM+1,,1 stop,"₹3,733"
79,Air India,DEL,MAA,8:00 PM,10:55 AM+1,,1 stop,"₹3,733"
80,Air India,DEL,MAA,2:45 PM,7:20 AM+1,,2 stops,"₹3,746"
81,Air India,DEL,MAA,2:45 PM,10:55 AM+1,,2 stops,"₹3,746"
82,Air India,DEL,MAA,5:50 PM,7:20 AM+1,,2 stops,"₹3,746"
83,Air India,DEL,MAA,5:50 PM,10:55 AM+1,,2 stops,"₹3,746"
84,Vistara,DEL,MAA,5:45 AM,7:55 PM,,1 stop,"₹3,887"
85,Vistara,DEL,MAA,5:45 AM,11:05 PM,,1 stop,"₹3,887"
86,Vistara,DEL,MAA,5:45 AM,8:50 AM+1,,1 stop,"₹3,887"
87,Vistara,DEL,MAA,9:30 AM,7:55 PM,,1 stop,"₹3,887"
88,Vistara,DEL,MAA,9:30 AM,11:05 PM,,1 stop,"₹3,887"
89,Vistara,DEL,MAA,9:30 AM,8:50 AM+1,,1 stop,"₹3,887"
90,Vistara,DEL,MAA,10:20 AM,7:55 PM,,1 stop,"₹3,887"
91,Vistara,DEL,MAA,10:20 AM,11:05 PM,,1 stop,"₹3,887"
92,Vistara,DEL,MAA,10:20 AM,8:50 AM+1,,1 stop,"₹3,887"
93,Vistara,DEL,MAA,11:40 AM,7:55 PM,,1 stop,"₹3,887"
94,Vistara,DEL,MAA,11:40 AM,11:05 PM,,1 stop,"₹3,887"
95,Vistara,DEL,MAA,11:40 AM,8:50 AM+1,,1 stop,"₹3,887"
96,Vistara,DEL,MAA,12:50 PM,7:55 PM,,1 stop,"₹3,887"
97,Vistara,DEL,MAA,12:50 PM,11:05 PM,,1 stop,"₹3,887"
98,Vistara,DEL,MAA,12:50 PM,8:50 AM+1,,1 stop,"₹3,887"
99,Vistara,DEL,MAA,2:20 PM,7:55 PM,,1 stop,"₹3,887"
100,Vistara,DEL,MAA,2:20 PM,11:05 PM,,1 stop,"₹3,887"
101,Vistara,DEL,MAA,2:20 PM,8:50 AM+1,,1 stop,"₹3,887"
102,Vistara,DEL,MAA,3:30 PM,11:05 PM,,1 stop,"₹3,887"
103,Vistara,DEL,MAA,3:30 PM,8:50 AM+1,,1 stop,"₹3,887"
104,Vistara,DEL,MAA,7:50 PM,8:50 AM+1,,1 stop,"₹3,887"
105,Vistara,DEL,MAA,7:50 PM,7:55 PM+1,,1 stop,"₹3,887"
106,Vistara,DEL,MAA,7:50 PM,11:05 PM+1,,1 stop,"₹3,887"
107,Vistara,DEL,MAA,8:40 PM,8:50 AM+1,,1 stop,"₹3,887"
108,Vistara,DEL,MAA,8:40 PM,7:55 PM+1,,1 stop,"₹3,887"
109,Vistara,DEL,MAA,8:40 PM,11:05 PM+1,,1 stop,"₹3,887"
110,Vistara,DEL,MAA,8:40 PM,11:50 AM+1,,1 stop,"₹3,931"
111,Vistara,DEL,MAA,9:30 AM,11:50 AM+1,,1 stop,"₹3,934"
112,Vistara,DEL,MAA,10:20 AM,11:50 AM+1,,1 stop,"₹3,934"
113,Vistara,DEL,MAA,11:40 AM,11:50 AM+1,,1 stop,"₹3,934"
114,Vistara,DEL,MAA,12:50 PM,11:50 AM+1,,1 stop,"₹3,934"
115,Vistara,DEL,MAA,2:20 PM,11:50 AM+1,,1 stop,"₹3,934"
116,Vistara,DEL,MAA,3:30 PM,11:50 AM+1,,1 stop,"₹3,934"
117,Vistara,DEL,MAA,7:50 PM,11:50 AM+1,,1 stop,"₹3,934"
118,Vistara,DEL,MAA,9:40 PM,8:50 AM+1,,1 stop,"₹4,160"
119,Vistara,DEL,MAA,9:40 PM,7:55 PM+1,,1 stop,"₹4,160"
120,Vistara,DEL,MAA,9:40 PM,11:05 PM+1,,1 stop,"₹4,160"
121,Vistara,DEL,MAA,9:40 PM,11:50 AM+1,,1 stop,"₹4,207"
122,GO FIRST,DEL,MAA,9:40 AM,12:45 AM+1,,1 stop,"₹4,208"
123,Vistara,DEL,MAA,3:30 PM,7:55 PM+1,,1 stop,"₹4,265"
124,IndiGo,DEL,MAA,6:45 AM,3:05 PM,,1 stop,"₹4,414"
125,IndiGo,DEL,MAA,9:15 AM,3:55 PM,,1 stop,"₹4,488"
126,IndiGo,DEL,MAA,9:15 AM,7:15 PM,,1 stop,"₹4,488"
127,IndiGo,DEL,MAA,12:30 PM,7:15 PM,,1 stop,"₹4,488"
128,Vistara,DEL,MAA,7:30 AM,7:55 PM,,1 stop,"₹4,575"
129,Vistara,DEL,MAA,7:30 AM,11:05 PM,,1 stop,"₹4,575"
130,Vistara,DEL,MAA,7:30 AM,8:50 AM+1,,1 stop,"₹4,575"
131,Vistara,DEL,MAA,8:50 AM,7:55 PM,,1 stop,"₹4,575"
132,Vistara,DEL,MAA,8:50 AM,11:05 PM,,1 stop,"₹4,575"
133,Vistara,DEL,MAA,4:45 PM,11:05 PM,,1 stop,"₹4,575"
134,Vistara,DEL,MAA,4:45 PM,8:50 AM+1,,1 stop,"₹4,575"
135,Vistara,DEL,MAA,4:45 PM,7:55 PM+1,,1 stop,"₹4,575"
136,Vistara,DEL,MAA,5:45 PM,11:05 PM,,1 stop,"₹4,575"
137,Vistara,DEL,MAA,5:45 PM,8:50 AM+1,,1 stop,"₹4,575"
138,Vistara,DEL,MAA,5:45 PM,7:55 PM+1,,1 stop,"₹4,575"
139,Vistara,DEL,MAA,7:00 PM,8:50 AM+1,,1 stop,"₹4,575"
140,Vistara,DEL,MAA,7:00 PM,7:55 PM+1,,1 stop,"₹4,575"
141,Vistara,DEL,MAA,7:00 PM,11:05 PM+1,,1 stop,"₹4,575"
142,Vistara,DEL,MAA,5:45 AM,11:50 AM,,1 stop,"₹4,713"
143,IndiGo,DEL,MAA,9:40 AM,3:05 PM,,1 stop,"₹4,805"
144,Air India,DEL,MAA,5:15 PM,7:20 AM+1,,2 stops,"₹5,101"
145,Air India,DEL,MAA,6:20 PM,7:20 AM+1,,2 stops,"₹5,101"
146,Air India,DEL,MAA,9:25 PM,10:55 AM+2,,2 stops,"₹5,101"
147,Air India,DEL,MAA,9:25 PM,10:55 AM+2,,2 stops,"₹5,101"
148,Vistara,DEL,MAA,7:30 AM,7:55 PM,,2 stops,"₹5,258"
149,Vistara,DEL,MAA,2:45 PM,11:05 PM+1,,2 stops,"₹5,258"
150,Vistara,DEL,MAA,5:40 PM,7:55 PM+1,,2 stops,"₹5,258"
151,Vistara,DEL,MAA,5:40 PM,11:05 PM+1,,2 stops,"₹5,258"
152,Vistara,DEL,MAA,5:40 PM,11:05 PM+1,,2 stops,"₹5,258"
153,Vistara,DEL,MAA,5:40 PM,11:05 PM+1,,2 stops,"₹5,258"
154,Vistara,DEL,MAA,5:40 PM,8:50 AM+2,,2 stops,"₹5,258"
155,Vistara,DEL,MAA,5:40 PM,8:50 AM+2,,2 stops,"₹5,258"
156,Vistara,DEL,MAA,8:35 PM,7:55 PM+1,,2 stops,"₹5,258"
157,Vistara,DEL,MAA,8:35 PM,7:55 PM+1,,2 stops,"₹5,258"
158,Vistara,DEL,MAA,8:35 PM,11:05 PM+1,,2 stops,"₹5,258"
159,Vistara,DEL,MAA,8:35 PM,11:05 PM+1,,2 stops,"₹5,258"
160,Vistara,DEL,MAA,8:35 PM,8:50 AM+2,,2 stops,"₹5,258"
161,Vistara,DEL,MAA,8:35 PM,8:50 AM+2,,2 stops,"₹5,258"
162,Vistara,DEL,MAA,8:35 PM,8:50 AM+2,,2 stops,"₹5,258"
163,Vistara,DEL,MAA,8:35 PM,11:50 AM+2,,2 stops,"₹5,305"
164,Vistara,DEL,MAA,8:35 PM,11:50 AM+2,,2 stops,"₹5,305"
165,Vistara,DEL,MAA,8:35 PM,11:50 AM+2,,2 stops,"₹5,305"
166,Vistara,DEL,MAA,7:30 AM,11:05 PM,,2 stops,"₹5,352"
167,Vistara,DEL,MAA,7:30 AM,8:50 AM+1,,2 stops,"₹5,352"
168,Vistara,DEL,MAA,7:30 AM,8:50 AM+1,,2 stops,"₹5,352"
169,Vistara,DEL,MAA,10:25 AM,8:50 AM+1,,2 stops,"₹5,352"
170,Vistara,DEL,MAA,2:45 PM,8:50 AM+1,,2 stops,"₹5,352"
171,Vistara,DEL,MAA,2:45 PM,11:50 AM+1,,2 stops,"₹5,352"
172,Vistara,DEL,MAA,5:40 PM,8:50 AM+1,,2 stops,"₹5,352"
173,Vistara,DEL,MAA,5:40 PM,11:50 AM+1,,2 stops,"₹5,352"
174,IndiGo,DEL,MAA,12:35 PM,8:00 PM,,1 stop,"₹5,762"
175,Air India,DEL,MAA,6:50 AM,11:10 PM,,1 stop,"₹6,159"
176,Air India,DEL,MAA,4:55 PM,11:10 PM,,1 stop,"₹6,159"
177,Air India,DEL,MAA,4:55 PM,5:05 PM+1,,1 stop,"₹6,159"
178,Vistara,DEL,MAA,1:20 PM,11:05 PM,,2 stops,"₹6,255"
179,IndiGo,DEL,MAA,9:15 AM,9:05 PM,,1 stop,"₹6,349"
180,IndiGo,DEL,MAA,2:40 PM,9:05 PM,,1 stop,"₹6,349"
181,Vistara,DEL,MAA,2:15 PM,11:05 PM,,2 stops,"₹6,392"
182,Vistara,DEL,MAA,8:40 PM,11:05 PM+1,,2 stops,"₹6,392"
183,Vistara,DEL,MAA,8:40 PM,11:05 PM+1,,2 stops,"₹6,392"
184,Vistara,DEL,MAA,8:40 PM,11:05 PM+1,,2 stops,"₹6,392"
185,Vistara,DEL,MAA,8:40 PM,11:05 PM+1,,2 stops,"₹6,392"
186,Vistara,DEL,MAA,8:40 PM,8:50 AM+2,,2 stops,"₹6,392"
187,Vistara,DEL,MAA,8:40 PM,8:50 AM+2,,2 stops,"₹6,392"
188,Vistara,DEL,MAA,8:40 PM,8:50 AM+2,,2 stops,"₹6,392"
189,Vistara,DEL,MAA,8:40 PM,8:50 AM+2,,2 stops,"₹6,392"
190,Vistara,DEL,MAA,8:40 PM,8:50 AM+2,,2 stops,"₹6,392"
191,Vistara,DEL,MAA,8:40 PM,8:50 AM+2,,2 stops,"₹6,392"
192,Vistara,DEL,MAA,8:40 PM,8:50 AM+2,,2 stops,"₹6,392"
193,Vistara,DEL,MAA,7:30 AM,7:55 PM,,2 stops,"₹6,413"
194,Air India,DEL,MAA,4:50 PM,7:20 AM+1,,2 stops,"₹6,776"
195,GO FIRST,DEL,MAA,4:40 PM,1:10 AM+1,,1 stop,"₹7,126"
196,GO FIRST,DEL,MAA,7:55 PM,1:10 AM+1,,1 stop,"₹7,126"
197,Air India,DEL,MAA,9:25 PM,5:05 PM+1,,2 stops,"₹7,301"
198,IndiGo,DEL,MAA,2:05 PM,9:05 PM,,2 stops,"₹7,918"
199,IndiGo,DEL,MAA,2:05 PM,9:05 PM,,1 stop,"₹8,018"
200,IndiGo,DEL,MAA,10:15 AM,9:05 PM,,2 stops,"₹8,076"
201,IndiGo,DEL,MAA,10:15 AM,9:05 PM,,1 stop,"₹8,176"
202,Air India,DEL,MAA,5:30 AM,10:40 AM+1,,1 stop,"₹9,366"
203,Air India,DEL,MAA,4:55 PM,10:40 AM+1,,2 stops,"₹9,410"
204,Air India,DEL,MAA,9:15 PM,5:05 PM+1,,2 stops,"₹9,800"
205,SriLankan,DEL,MAA,1:50 PM,1:55 AM+1,,1 stop,"₹17,652"
206,SriLankan,DEL,MAA,1:50 PM,8:35 AM+1,,1 stop,"₹17,652"
207,SriLankan,DEL,MAA,1:50 PM,11:30 PM+1,,1 stop,"₹18,860"
208,Emirates,DEL,MAA,10:35 AM,2:15 AM+1,,1 stop,"₹25,483"
209,Emirates,DEL,MAA,10:35 AM,8:15 AM+1,,1 stop,"₹26,764"
210,Emirates,DEL,MAA,4:15 PM,2:15 AM+1,,1 stop,"₹28,770"
211,Emirates,DEL,MAA,4:15 PM,8:15 AM+1,,1 stop,"₹30,051"
212,Oman Air,DEL,MAA,10:20 AM,2:00 PM+1,,1 stop,"₹34,157"
213,Kuwait Airways,DEL,MAA,12:15 AM,1:30 AM+1,,1 stop,"₹34,707"
214,Singapore Airlines,DEL,MAA,9:40 PM,10:00 PM+1,,1 stop,"₹39,854"
215,Emirates,DEL,MAA,4:10 AM,2:15 AM+1,,1 stop,"₹41,895"
216,Saudia,DEL,MAA,6:00 PM,10:30 AM+1,,1 stop,"₹44,411"
217,Qatar Airways,DEL,MAA,10:00 AM,8:10 PM,,1 stop,"₹59,264"
218,Qatar Airways,DEL,MAA,10:00 AM,1:50 AM+1,,1 stop,"₹59,264"
219,Qatar Airways,DEL,MAA,3:40 AM,8:10 PM,,1 stop,"₹63,884"
220,Qatar Airways,DEL,MAA,3:40 AM,1:50 AM+1,,1 stop,"₹63,884"
221,Etihad,DEL,MAA,2:45 PM,12:30 AM+1,,1 stop,"₹67,194"
222,Etihad,DEL,MAA,4:15 AM,12:30 AM+1,,1 stop,"₹71,394"
