,Airline_Name,Source,Destination,Departure_Time,Arrival_Time,Duration,Total_Stops,Price
0,SpiceJet,DEL,HYD,6:05 PM,8:15 PM,,Nonstop,"₹1,655"
1,GO FIRST,DEL,HYD,12:30 PM,2:40 PM,,Nonstop,"₹1,778"
2,Air India,DEL,HYD,9:25 PM,11:35 PM,,Nonstop,"₹1,843"
3,IndiGo,DEL,HYD,11:00 AM,1:10 PM,,Nonstop,"₹1,983"
4,Vistara,DEL,HYD,5:40 PM,7:55 PM,,Nonstop,"₹2,098"
5,SpiceJet,DEL,HYD,6:35 PM,8:45 PM,,Nonstop,"₹1,655"
6,GO FIRST,DEL,HYD,7:20 AM,9:30 AM,,Nonstop,"₹1,778"
7,GO FIRST,DEL,HYD,7:35 PM,9:50 PM,,Nonstop,"₹1,778"
8,Air India,DEL,HYD,8:10 AM,10:30 AM,,Nonstop,"₹1,843"
9,AirAsia (India),DEL,HYD,5:45 AM,3:35 PM,,2 stops,"₹1,859"
10,AirAsia (India),DEL,HYD,7:10 AM,3:35 PM,,2 stops,"₹1,859"
11,AirAsia (India),DEL,HYD,8:00 AM,5:45 PM,,1 stop,"₹1,859"
12,AirAsia (India),DEL,HYD,9:35 AM,5:45 PM,,1 stop,"₹1,859"
13,AirAsia (India),DEL,HYD,7:10 AM,3:35 PM,,1 stop,"₹1,899"
14,AirAsia (India),DEL,HYD,12:40 PM,7:15 PM,,1 stop,"₹1,899"
15,IndiGo,DEL,HYD,6:45 AM,9:00 AM,,Nonstop,"₹1,983"
16,IndiGo,DEL,HYD,9:40 AM,11:55 AM,,Nonstop,"₹1,983"
17,Vistara,DEL,HYD,7:30 AM,9:40 AM,,Nonstop,"₹2,098"
18,Vistara,DEL,HYD,10:25 AM,12:35 PM,,Nonstop,"₹2,098"
19,Vistara,DEL,HYD,2:45 PM,5:00 PM,,Nonstop,"₹2,098"
20,Vistara,DEL,HYD,8:35 PM,10:55 PM,,Nonstop,"₹2,098"
21,Air India,DEL,HYD,9:45 AM,11:55 AM,,Nonstop,"₹2,263"
22,Air India,DEL,HYD,5:15 PM,7:20 PM,,Nonstop,"₹2,263"
23,IndiGo,DEL,HYD,12:55 PM,3:15 PM,,Nonstop,"₹2,401"
24,IndiGo,DEL,HYD,5:45 PM,8:00 PM,,Nonstop,"₹2,401"
25,AirAsia (India),DEL,HYD,4:50 PM,6:45 AM+1,,1 stop,"₹2,737"
26,IndiGo,DEL,HYD,9:15 PM,11:30 PM,,Nonstop,"₹2,898"
27,"Air India, Alliance Air",DEL,HYD,9:50 AM,9:55 AM+1,,1 stop,"₹3,296"
28,"Air India, Alliance Air",DEL,HYD,4:15 PM,9:55 AM+1,,1 stop,"₹3,296"
29,"Air India, Alliance Air",DEL,HYD,8:40 PM,9:55 AM+1,,1 stop,"₹3,296"
30,"Air India, Alliance Air",DEL,HYD,6:05 AM,9:55 AM+1,,1 stop,"₹3,305"
31,AirAsia (India),DEL,HYD,8:00 AM,3:35 PM,,1 stop,"₹3,324"
32,AirAsia (India),DEL,HYD,9:35 AM,3:35 PM,,1 stop,"₹3,324"
33,AirAsia (India),DEL,HYD,7:00 PM,8:45 AM+1,,1 stop,"₹3,324"
34,AirAsia (India),DEL,HYD,8:45 PM,8:45 AM+1,,1 stop,"₹3,324"
35,SpiceJet,DEL,HYD,11:55 AM,6:00 PM,,1 stop,"₹3,471"
36,SpiceJet,DEL,HYD,3:05 PM,9:00 PM,,1 stop,"₹3,471"
37,Vistara,DEL,HYD,5:35 PM,8:55 PM+1,,1 stop,"₹3,642"
38,Vistara,DEL,HYD,7:50 PM,8:55 PM+1,,1 stop,"₹3,642"
39,Vistara,DEL,HYD,8:40 PM,8:55 PM+1,,1 stop,"₹3,642"
40,GO FIRST,DEL,HYD,6:00 AM,11:25 AM,,1 stop,"₹3,669"
41,GO FIRST,DEL,HYD,6:00 AM,3:30 PM,,1 stop,"₹3,669"
42,GO FIRST,DEL,HYD,9:00 AM,3:30 PM,,1 stop,"₹3,669"
43,GO FIRST,DEL,HYD,9:00 PM,11:25 AM+1,,1 stop,"₹3,669"
44,AirAsia (India),DEL,HYD,9:00 PM,6:45 AM+1,,1 stop,"₹3,706"
45,GO FIRST,DEL,HYD,5:50 AM,3:40 PM,,1 stop,"₹3,952"
46,Air India,DEL,HYD,7:00 AM,9:35 PM,,1 stop,"₹3,954"
47,Air India,DEL,HYD,7:00 AM,7:15 AM+1,,1 stop,"₹3,954"
48,Air India,DEL,HYD,8:00 AM,9:35 PM,,1 stop,"₹3,954"
49,Air India,DEL,HYD,8:00 AM,7:15 AM+1,,1 stop,"₹3,954"
50,Air India,DEL,HYD,9:00 AM,9:35 PM,,1 stop,"₹3,954"
51,Air India,DEL,HYD,9:00 AM,7:15 AM+1,,1 stop,"₹3,954"
52,Air India,DEL,HYD,2:45 PM,9:35 PM,,1 stop,"₹3,954"
53,Air India,DEL,HYD,2:45 PM,7:15 AM+1,,1 stop,"₹3,954"
54,Air India,DEL,HYD,5:50 PM,7:15 AM+1,,1 stop,"₹3,954"
55,Air India,DEL,HYD,6:00 PM,7:15 AM+1,,1 stop,"₹3,954"
56,Air India,DEL,HYD,7:00 PM,7:15 AM+1,,1 stop,"₹3,954"
57,Air India,DEL,HYD,8:00 PM,7:15 AM+1,,1 stop,"₹3,954"
58,Air India,DEL,HYD,2:45 PM,9:35 PM,,2 stops,"₹3,966"
59,Air India,DEL,HYD,2:45 PM,7:15 AM+1,,2 stops,"₹3,966"
60,Air India,DEL,HYD,5:50 PM,7:15 AM+1,,2 stops,"₹3,966"
61,Air India,DEL,HYD,5:50 PM,9:35 PM+1,,2 stops,"₹3,966"
62,Air India,DEL,HYD,7:00 PM,9:35 PM+1,,1 stop,"₹3,966"
63,Air India,DEL,HYD,8:00 PM,9:35 PM+1,,1 stop,"₹3,966"
64,GO FIRST,DEL,HYD,6:40 PM,12:05 AM+1,,1 stop,"₹4,007"
65,GO FIRST,DEL,HYD,6:40 PM,8:30 AM+1,,1 stop,"₹4,007"
66,IndiGo,DEL,HYD,12:45 PM,7:40 PM,,1 stop,"₹4,026"
67,Air India,DEL,HYD,6:50 AM,9:15 PM,,1 stop,"₹4,054"
68,"Air India, Alliance Air",DEL,HYD,6:10 AM,8:15 PM,,1 stop,"₹4,123"
69,"Air India, Alliance Air",DEL,HYD,9:45 AM,8:15 PM,,1 stop,"₹4,123"
70,"Air India, Alliance Air",DEL,HYD,1:30 PM,8:15 PM,,1 stop,"₹4,123"
71,Vistara,DEL,HYD,5:45 AM,12:15 PM,,1 stop,"₹4,143"
72,Vistara,DEL,HYD,5:45 AM,8:55 PM,,1 stop,"₹4,143"
73,Vistara,DEL,HYD,9:30 AM,8:55 PM,,1 stop,"₹4,143"
74,Vistara,DEL,HYD,10:20 AM,8:55 PM,,1 stop,"₹4,143"
75,Vistara,DEL,HYD,11:40 AM,8:55 PM,,1 stop,"₹4,143"
76,Vistara,DEL,HYD,12:50 PM,8:55 PM,,1 stop,"₹4,143"
77,Vistara,DEL,HYD,2:20 PM,8:55 PM,,1 stop,"₹4,143"
78,Vistara,DEL,HYD,3:30 PM,8:55 PM,,1 stop,"₹4,143"
79,Vistara,DEL,HYD,3:30 PM,7:50 AM+1,,1 stop,"₹4,143"
80,Vistara,DEL,HYD,7:50 PM,7:50 AM+1,,1 stop,"₹4,143"
81,Vistara,DEL,HYD,7:50 PM,12:15 PM+1,,1 stop,"₹4,143"
82,Vistara,DEL,HYD,8:40 PM,7:50 AM+1,,1 stop,"₹4,143"
83,Vistara,DEL,HYD,8:40 PM,12:15 PM+1,,1 stop,"₹4,143"
84,Vistara,DEL,HYD,9:40 PM,7:50 AM+1,,1 stop,"₹4,143"
85,Vistara,DEL,HYD,9:40 PM,12:15 PM+1,,1 stop,"₹4,143"
86,Vistara,DEL,HYD,5:45 AM,7:50 AM+1,,1 stop,"₹4,144"
87,Vistara,DEL,HYD,9:30 AM,7:50 AM+1,,1 stop,"₹4,144"
88,Vistara,DEL,HYD,9:30 AM,12:15 PM+1,,1 stop,"₹4,144"
89,Vistara,DEL,HYD,10:20 AM,7:50 AM+1,,1 stop,"₹4,144"
90,Vistara,DEL,HYD,10:20 AM,12:15 PM+1,,1 stop,"₹4,144"
91,Vistara,DEL,HYD,11:40 AM,7:50 AM+1,,1 stop,"₹4,144"
92,Vistara,DEL,HYD,11:40 AM,12:15 PM+1,,1 stop,"₹4,144"
93,Vistara,DEL,HYD,12:50 PM,7:50 AM+1,,1 stop,"₹4,144"
94,Vistara,DEL,HYD,12:50 PM,12:15 PM+1,,1 stop,"₹4,144"
95,Vistara,DEL,HYD,2:20 PM,7:50 AM+1,,1 stop,"₹4,144"
96,Vistara,DEL,HYD,2:20 PM,12:15 PM+1,,1 stop,"₹4,144"
97,Vistara,DEL,HYD,3:30 PM,12:15 PM+1,,1 stop,"₹4,144"
98,Vistara,DEL,HYD,7:50 PM,8:55 PM+1,,1 stop,"₹4,144"
99,Vistara,DEL,HYD,8:40 PM,8:55 PM+1,,1 stop,"₹4,144"
100,Vistara,DEL,HYD,9:40 PM,8:55 PM+1,,1 stop,"₹4,144"
101,IndiGo,DEL,HYD,12:35 PM,9:20 PM,,1 stop,"₹4,173"
102,IndiGo,DEL,HYD,3:45 PM,9:20 PM,,1 stop,"₹4,173"
103,Air India,DEL,HYD,6:00 PM,9:35 PM+1,,1 stop,"₹4,344"
104,Air India,DEL,HYD,6:10 AM,7:50 AM+1,,1 stop,"₹4,427"
105,Air India,DEL,HYD,9:45 AM,7:50 AM+1,,1 stop,"₹4,427"
106,Air India,DEL,HYD,1:30 PM,7:50 AM+1,,1 stop,"₹4,427"
107,Air India,DEL,HYD,5:20 PM,7:50 AM+1,,1 stop,"₹4,427"
108,Air India,DEL,HYD,9:15 PM,7:50 AM+1,,1 stop,"₹4,427"
109,Vistara,DEL,HYD,8:40 PM,9:05 AM+2,,2 stops,"₹4,633"
110,Vistara,DEL,HYD,8:40 PM,9:05 AM+2,,2 stops,"₹4,633"
111,Vistara,DEL,HYD,8:40 PM,9:05 AM+2,,2 stops,"₹4,633"
112,Vistara,DEL,HYD,8:40 PM,9:05 AM+2,,2 stops,"₹4,633"
113,Vistara,DEL,HYD,9:40 PM,8:55 PM+1,,2 stops,"₹4,633"
114,Vistara,DEL,HYD,9:40 PM,8:55 PM+1,,2 stops,"₹4,633"
115,Vistara,DEL,HYD,9:40 PM,8:55 PM+1,,2 stops,"₹4,633"
116,Vistara,DEL,HYD,9:40 PM,8:55 PM+1,,2 stops,"₹4,633"
117,Vistara,DEL,HYD,9:40 PM,9:05 AM+2,,2 stops,"₹4,633"
118,Vistara,DEL,HYD,9:40 PM,9:05 AM+2,,2 stops,"₹4,633"
119,Vistara,DEL,HYD,9:40 PM,9:05 AM+2,,2 stops,"₹4,633"
120,Vistara,DEL,HYD,9:40 PM,9:05 AM+2,,2 stops,"₹4,633"
121,Vistara,DEL,HYD,9:40 PM,9:05 AM+2,,2 stops,"₹4,633"
122,Vistara,DEL,HYD,9:40 PM,9:05 AM+2,,2 stops,"₹4,633"
123,Air India,DEL,HYD,11:00 AM,12:25 PM+1,,1 stop,"₹4,724"
124,Air India,DEL,HYD,6:40 PM,12:25 PM+1,,1 stop,"₹4,724"
125,Vistara,DEL,HYD,5:55 AM,8:55 PM,,1 stop,"₹4,734"
126,Vistara,DEL,HYD,8:05 AM,8:55 PM,,1 stop,"₹4,734"
127,Vistara,DEL,HYD,9:05 AM,8:55 PM,,1 stop,"₹4,734"
128,Vistara,DEL,HYD,2:15 PM,8:55 PM,,1 stop,"₹4,734"
129,Vistara,DEL,HYD,2:15 PM,9:05 AM+1,,1 stop,"₹4,734"
130,Vistara,DEL,HYD,4:05 PM,8:55 PM,,1 stop,"₹4,734"
131,Vistara,DEL,HYD,4:05 PM,9:05 AM+1,,1 stop,"₹4,734"
132,Vistara,DEL,HYD,5:35 PM,9:05 AM+1,,1 stop,"₹4,734"
133,Vistara,DEL,HYD,7:50 PM,9:05 AM+1,,1 stop,"₹4,734"
134,Vistara,DEL,HYD,8:40 PM,9:05 AM+1,,1 stop,"₹4,734"
135,Vistara,DEL,HYD,8:05 AM,9:05 AM+1,,1 stop,"₹4,737"
136,Vistara,DEL,HYD,9:05 AM,9:05 AM+1,,1 stop,"₹4,737"
137,Vistara,DEL,HYD,7:30 AM,12:15 PM,,1 stop,"₹4,833"
138,Vistara,DEL,HYD,7:30 AM,8:55 PM,,1 stop,"₹4,833"
139,Vistara,DEL,HYD,8:50 AM,8:55 PM,,1 stop,"₹4,833"
140,Vistara,DEL,HYD,4:45 PM,7:50 AM+1,,1 stop,"₹4,833"
141,Vistara,DEL,HYD,5:45 PM,7:50 AM+1,,1 stop,"₹4,833"
142,Vistara,DEL,HYD,7:00 PM,7:50 AM+1,,1 stop,"₹4,833"
143,Vistara,DEL,HYD,4:45 PM,12:15 PM+1,,1 stop,"₹4,837"
144,Vistara,DEL,HYD,5:45 PM,12:15 PM+1,,1 stop,"₹4,837"
145,Vistara,DEL,HYD,5:45 PM,8:55 PM+1,,1 stop,"₹4,837"
146,Vistara,DEL,HYD,7:00 PM,12:15 PM+1,,1 stop,"₹4,837"
147,Vistara,DEL,HYD,7:00 PM,8:55 PM+1,,1 stop,"₹4,837"
148,"Air India, Alliance Air",DEL,HYD,7:00 PM,9:55 AM+1,,2 stops,"₹4,954"
149,"Air India, Alliance Air",DEL,HYD,8:00 PM,9:55 AM+1,,2 stops,"₹4,954"
150,"Air India, Alliance Air",DEL,HYD,6:00 AM,8:50 PM,,1 stop,"₹4,977"
151,Vistara,DEL,HYD,9:40 PM,9:05 AM+2,,2 stops,"₹5,087"
152,IndiGo,DEL,HYD,2:40 PM,10:45 PM,,1 stop,"₹5,494"
153,Air India,DEL,HYD,6:00 PM,7:50 AM+2,,2 stops,"₹5,500"
154,Air India,DEL,HYD,7:00 PM,7:50 AM+2,,2 stops,"₹5,500"
155,Air India,DEL,HYD,8:00 PM,7:50 AM+2,,2 stops,"₹5,500"
156,Vistara,DEL,HYD,7:55 PM,7:50 AM+2,,2 stops,"₹5,620"
157,Vistara,DEL,HYD,7:55 PM,7:50 AM+2,,2 stops,"₹5,620"
158,Vistara,DEL,HYD,7:55 PM,7:50 AM+2,,2 stops,"₹5,620"
159,Vistara,DEL,HYD,7:55 PM,7:50 AM+2,,2 stops,"₹5,620"
160,GO FIRST,DEL,HYD,6:05 AM,1:20 PM,,1 stop,"₹5,634"
161,GO FIRST,DEL,HYD,8:00 AM,1:20 PM,,1 stop,"₹5,634"
162,GO FIRST,DEL,HYD,9:10 AM,12:05 AM+1,,2 stops,"₹5,634"
163,GO FIRST,DEL,HYD,4:40 PM,9:45 PM,,1 stop,"₹5,634"
164,GO FIRST,DEL,HYD,7:55 PM,11:25 AM+1,,2 stops,"₹5,634"
165,Air India,DEL,HYD,12:10 PM,9:15 PM,,1 stop,"₹5,669"
166,AirAsia (India),DEL,HYD,12:20 PM,7:15 PM,,1 stop,"₹5,713"
167,AirAsia (India),DEL,HYD,4:15 PM,8:05 PM,,1 stop,"₹5,713"
168,Vistara,DEL,HYD,12:50 PM,8:55 PM,,2 stops,"₹5,725"
169,"Air India, Alliance Air",DEL,HYD,4:30 PM,5:35 PM+1,,1 stop,"₹5,734"
170,"Air India, Alliance Air",DEL,HYD,4:30 PM,5:35 PM+1,,2 stops,"₹5,743"
171,AirAsia (India),DEL,HYD,4:15 PM,8:05 PM,,Nonstop,"₹5,753"
172,Vistara,DEL,HYD,5:10 PM,5:30 PM+1,,1 stop,"₹6,529"
173,Vistara,DEL,HYD,1:20 PM,8:55 PM,,2 stops,"₹6,560"
174,"Air India, Alliance Air",DEL,HYD,5:55 AM,5:35 PM,,1 stop,"₹6,626"
175,"Air India, Alliance Air",DEL,HYD,5:55 AM,5:35 PM,,3 stops,"₹6,635"
176,Vistara,DEL,HYD,8:40 PM,7:50 AM+2,,2 stops,"₹6,654"
177,Vistara,DEL,HYD,8:40 PM,7:50 AM+2,,2 stops,"₹6,654"
178,Vistara,DEL,HYD,8:40 PM,7:50 AM+2,,2 stops,"₹6,654"
179,Vistara,DEL,HYD,8:40 PM,7:50 AM+2,,2 stops,"₹6,654"
180,Vistara,DEL,HYD,8:40 PM,7:50 AM+2,,2 stops,"₹6,654"
181,Vistara,DEL,HYD,8:40 PM,7:50 AM+2,,2 stops,"₹6,654"
182,Vistara,DEL,HYD,8:40 PM,7:50 AM+2,,2 stops,"₹6,654"
183,Vistara,DEL,HYD,8:30 PM,7:50 AM+2,,2 stops,"₹6,675"
184,"Air India, Alliance Air",DEL,HYD,1:30 PM,7:00 PM+1,,1 stop,"₹6,800"
185,"Air India, Alliance Air",DEL,HYD,5:20 PM,7:00 PM+1,,1 stop,"₹6,800"
186,"Air India, Alliance Air",DEL,HYD,9:15 PM,7:00 PM+1,,1 stop,"₹6,800"
187,"Air India, Alliance Air",DEL,HYD,1:30 PM,7:00 PM+1,,2 stops,"₹6,812"
188,"Air India, Alliance Air",DEL,HYD,5:20 PM,7:00 PM+1,,2 stops,"₹6,812"
189,"Air India, Alliance Air",DEL,HYD,9:15 PM,7:00 PM+1,,2 stops,"₹6,812"
190,IndiGo,DEL,HYD,10:25 AM,5:25 PM,,1 stop,"₹6,817"
191,Vistara,DEL,HYD,8:30 PM,7:50 AM+2,,2 stops,"₹6,885"
192,"Air India, Alliance Air",DEL,HYD,6:10 AM,7:00 PM+1,,2 stops,"₹7,266"
193,"Air India, Alliance Air",DEL,HYD,9:45 AM,7:00 PM+1,,2 stops,"₹7,266"
194,Vistara,DEL,HYD,1:40 PM,5:30 PM+1,,1 stop,"₹7,549"
195,AirAsia (India),DEL,HYD,12:40 PM,9:25 PM,,1 stop,"₹7,578"
196,"Air India, Alliance Air",DEL,HYD,7:00 PM,7:00 PM+1,,3 stops,"₹7,873"
197,"Air India, Alliance Air",DEL,HYD,8:00 PM,7:00 PM+1,,3 stops,"₹7,873"
198,AirAsia (India),DEL,HYD,5:20 AM,7:15 PM,,1 stop,"₹8,493"
199,AirAsia (India),DEL,HYD,12:20 PM,9:25 PM,,1 stop,"₹8,512"
200,"Air India, Alliance Air",DEL,HYD,10:55 AM,9:05 PM,,1 stop,"₹10,110"
201,Vistara,DEL,HYD,8:40 PM,5:30 PM+1,,2 stops,"₹12,030"
202,Vistara,DEL,HYD,9:40 PM,5:30 PM+1,,2 stops,"₹12,030"
203,Vistara,DEL,HYD,7:50 PM,5:30 PM+1,,2 stops,"₹12,256"
204,Vistara,DEL,HYD,5:45 PM,5:30 PM+1,,2 stops,"₹12,655"
205,Vistara,DEL,HYD,7:00 PM,5:30 PM+1,,2 stops,"₹12,655"
206,GO FIRST,DEL,HYD,10:50 AM,11:20 PM,,1 stop,"₹12,991"
207,GO FIRST,DEL,HYD,2:20 PM,11:40 PM,,2 stops,"₹13,405"
208,GO FIRST,DEL,HYD,2:20 PM,11:40 PM,,1 stop,"₹13,445"
209,Emirates,DEL,HYD,10:35 AM,2:40 AM+1,,1 stop,"₹34,125"
210,Emirates,DEL,HYD,10:35 AM,8:25 AM+1,,1 stop,"₹34,125"
211,Emirates,DEL,HYD,4:15 PM,2:40 AM+1,,1 stop,"₹34,125"
212,Emirates,DEL,HYD,4:15 PM,8:25 AM+1,,1 stop,"₹34,125"
213,Singapore Airlines,DEL,HYD,9:40 PM,10:00 PM+1,,1 stop,"₹44,376"
214,Qatar Airways,DEL,HYD,9:15 PM,6:50 PM+1,,1 stop,"₹58,327"
215,Qatar Airways,DEL,HYD,10:00 AM,1:50 AM+1,,1 stop,"₹64,417"
216,Qatar Airways,DEL,HYD,3:40 AM,6:50 PM,,1 stop,"₹66,727"
217,Qatar Airways,DEL,HYD,3:40 AM,1:50 AM+1,,1 stop,"₹66,727"
218,Emirates,DEL,HYD,4:10 AM,2:40 AM+1,,1 stop,"₹68,250"
219,Etihad,DEL,HYD,2:45 PM,12:05 AM+1,,1 stop,"₹82,947"
