,Airline_Name,Source,Destination,Departure_Time,Arrival_Time,Duration,Total_Stops,Price
0,Alliance AirAir India,DEL,IXC,6:55 PM,7:55 PM,,Nonstop,"₹3,180"
1,IndiGo,DEL,IXC,8:55 AM,9:50 AM,,Nonstop,"₹3,320"
2,Vistara,DEL,IXC,1:40 PM,2:45 PM,,Nonstop,"₹3,435"
3,Alliance AirAir India,DEL,IXC,6:40 AM,7:40 AM,,Nonstop,"₹3,180"
4,IndiGo,DEL,IXC,8:55 PM,10:00 PM,,Nonstop,"₹3,320"
5,Vistara,DEL,IXC,5:10 PM,6:15 PM,,Nonstop,"₹3,435"
6,Alliance AirAir India,DEL,IXC,7:15 AM,10:35 AM,,Nonstop,"₹4,493"
7,Alliance AirAir India,DEL,IXC,7:15 AM,10:35 AM,,1 stop,"₹4,502"
8,GO FIRST,DEL,IXC,7:55 PM,8:15 AM+1,,1 stop,"₹4,601"
9,GO FIRST,DEL,IXC,7:00 AM,3:30 PM,,1 stop,"₹4,877"
10,GO FIRST,DEL,IXC,8:00 AM,3:30 PM,,1 stop,"₹4,877"
11,GO FIRST,DEL,IXC,6:25 AM,11:40 AM,,1 stop,"₹5,055"
12,Air India,DEL,IXC,6:50 AM,9:35 AM+1,,1 stop,"₹5,306"
13,Vistara,DEL,IXC,5:45 AM,6:30 PM,,1 stop,"₹5,332"
14,Vistara,DEL,IXC,9:30 AM,6:30 PM,,1 stop,"₹5,332"
15,Vistara,DEL,IXC,10:20 AM,6:30 PM,,1 stop,"₹5,332"
16,Vistara,DEL,IXC,11:40 AM,6:30 PM,,1 stop,"₹5,332"
17,Vistara,DEL,IXC,12:50 PM,6:30 PM,,1 stop,"₹5,332"
18,Vistara,DEL,IXC,2:20 PM,6:30 PM+1,,1 stop,"₹5,332"
19,Vistara,DEL,IXC,3:30 PM,6:30 PM+1,,1 stop,"₹5,332"
20,Vistara,DEL,IXC,7:50 PM,6:30 PM+1,,1 stop,"₹5,332"
21,Vistara,DEL,IXC,8:40 PM,6:30 PM+1,,1 stop,"₹5,332"
22,Vistara,DEL,IXC,9:40 PM,6:30 PM+1,,1 stop,"₹5,332"
23,GO FIRST,DEL,IXC,7:00 AM,7:25 PM,,1 stop,"₹5,699"
24,GO FIRST,DEL,IXC,8:00 AM,7:25 PM,,1 stop,"₹5,699"
25,GO FIRST,DEL,IXC,10:30 AM,7:25 PM,,1 stop,"₹5,699"
26,GO FIRST,DEL,IXC,1:30 PM,7:25 PM,,1 stop,"₹5,699"
27,Vistara,DEL,IXC,7:30 AM,1:30 PM,,1 stop,"₹5,736"
28,Vistara,DEL,IXC,10:25 AM,1:30 PM+1,,1 stop,"₹5,736"
29,Vistara,DEL,IXC,2:45 PM,1:30 PM+1,,1 stop,"₹5,736"
30,Vistara,DEL,IXC,5:40 PM,1:30 PM+1,,1 stop,"₹5,736"
31,Vistara,DEL,IXC,8:35 PM,1:30 PM+1,,1 stop,"₹5,736"
32,GO FIRST,DEL,IXC,6:25 AM,4:50 PM,,1 stop,"₹5,973"
33,GO FIRST,DEL,IXC,12:20 PM,4:50 PM,,1 stop,"₹5,973"
34,Vistara,DEL,IXC,7:30 AM,6:30 PM,,1 stop,"₹6,022"
35,Vistara,DEL,IXC,8:50 AM,6:30 PM,,1 stop,"₹6,022"
36,Vistara,DEL,IXC,4:45 PM,6:30 PM+1,,1 stop,"₹6,022"
37,Vistara,DEL,IXC,5:45 PM,6:30 PM+1,,1 stop,"₹6,022"
38,Vistara,DEL,IXC,7:00 PM,6:30 PM+1,,1 stop,"₹6,022"
39,GO FIRST,DEL,IXC,2:00 AM,11:25 AM,,1 stop,"₹6,100"
40,GO FIRST,DEL,IXC,6:05 PM,7:30 AM+1,,1 stop,"₹6,100"
41,GO FIRST,DEL,IXC,7:40 PM,7:30 AM+1,,1 stop,"₹6,100"
42,GO FIRST,DEL,IXC,9:00 PM,7:30 AM+1,,1 stop,"₹6,100"
43,GO FIRST,DEL,IXC,10:30 PM,7:30 AM+1,,1 stop,"₹6,100"
44,GO FIRST,DEL,IXC,10:30 PM,11:25 AM+1,,1 stop,"₹6,100"
45,Vistara,DEL,IXC,7:10 AM,6:30 PM,,2 stops,"₹6,497"
46,Vistara,DEL,IXC,7:10 AM,6:30 PM+1,,2 stops,"₹6,497"
47,Vistara,DEL,IXC,7:10 AM,6:30 PM+1,,2 stops,"₹6,497"
48,Vistara,DEL,IXC,7:10 AM,6:30 PM+1,,2 stops,"₹6,497"
49,GO FIRST,DEL,IXC,9:15 AM,4:50 PM,,1 stop,"₹6,657"
50,GO FIRST,DEL,IXC,11:50 AM,4:50 PM,,1 stop,"₹6,657"
51,Vistara,DEL,IXC,7:30 AM,6:30 PM,,2 stops,"₹6,754"
52,Vistara,DEL,IXC,10:25 AM,6:30 PM+1,,2 stops,"₹6,754"
53,Vistara,DEL,IXC,10:25 AM,6:30 PM+1,,2 stops,"₹6,754"
54,Vistara,DEL,IXC,2:45 PM,6:30 PM+1,,2 stops,"₹6,754"
55,Vistara,DEL,IXC,2:45 PM,6:30 PM+1,,2 stops,"₹6,754"
56,Vistara,DEL,IXC,2:45 PM,6:30 PM+1,,2 stops,"₹6,754"
57,Vistara,DEL,IXC,5:40 PM,6:30 PM+1,,2 stops,"₹6,754"
58,Vistara,DEL,IXC,5:40 PM,6:30 PM+1,,2 stops,"₹6,754"
59,Vistara,DEL,IXC,5:40 PM,6:30 PM+1,,2 stops,"₹6,754"
60,Vistara,DEL,IXC,8:35 PM,6:30 PM+1,,2 stops,"₹6,754"
61,Vistara,DEL,IXC,8:35 PM,6:30 PM+1,,2 stops,"₹6,754"
62,Vistara,DEL,IXC,7:30 AM,6:30 PM+1,,2 stops,"₹6,759"
63,Vistara,DEL,IXC,7:30 AM,6:30 PM+1,,2 stops,"₹6,759"
64,Vistara,DEL,IXC,8:35 PM,6:30 PM+2,,2 stops,"₹6,759"
65,Vistara,DEL,IXC,1:30 PM,6:30 PM+1,,2 stops,"₹6,812"
66,Vistara,DEL,IXC,1:30 PM,6:30 PM+1,,2 stops,"₹6,812"
67,Vistara,DEL,IXC,1:30 PM,6:30 PM+1,,2 stops,"₹6,812"
68,Vistara,DEL,IXC,1:30 PM,6:30 PM+1,,2 stops,"₹6,812"
69,Vistara,DEL,IXC,5:25 PM,6:30 PM+1,,2 stops,"₹6,812"
70,Vistara,DEL,IXC,5:25 PM,6:30 PM+1,,2 stops,"₹6,812"
71,Vistara,DEL,IXC,5:25 PM,6:30 PM+1,,2 stops,"₹6,812"
72,Vistara,DEL,IXC,7:55 PM,6:30 PM+1,,2 stops,"₹6,812"
73,Vistara,DEL,IXC,7:55 PM,6:30 PM+1,,2 stops,"₹6,812"
74,Vistara,DEL,IXC,7:55 PM,6:30 PM+1,,2 stops,"₹6,812"
75,Vistara,DEL,IXC,7:55 PM,6:30 PM+2,,2 stops,"₹6,812"
76,IndiGo,DEL,IXC,5:40 PM,6:30 PM,,Nonstop,"₹7,100"
77,Vistara,DEL,IXC,5:35 PM,1:30 PM+2,,2 stops,"₹7,284"
78,Vistara,DEL,IXC,7:50 PM,1:30 PM+2,,2 stops,"₹7,284"
79,Vistara,DEL,IXC,8:40 PM,1:30 PM+2,,2 stops,"₹7,284"
80,Vistara,DEL,IXC,10:25 AM,6:30 PM+1,,2 stops,"₹7,327"
81,Vistara,DEL,IXC,8:40 PM,7:50 AM+2,,1 stop,"₹7,677"
82,Vistara,DEL,IXC,9:40 PM,7:50 AM+2,,1 stop,"₹7,677"
83,Vistara,DEL,IXC,1:40 PM,6:30 PM+1,,2 stops,"₹7,705"
84,Vistara,DEL,IXC,1:20 PM,6:30 PM+1,,2 stops,"₹7,751"
85,GO FIRST,DEL,IXC,1:45 PM,4:50 PM,,1 stop,"₹7,764"
86,Vistara,DEL,IXC,11:40 AM,1:30 PM+1,,2 stops,"₹7,783"
87,Vistara,DEL,IXC,11:40 AM,1:30 PM+1,,2 stops,"₹7,783"
88,Vistara,DEL,IXC,2:20 PM,1:30 PM+1,,2 stops,"₹7,783"
89,Vistara,DEL,IXC,2:20 PM,1:30 PM+1,,2 stops,"₹7,783"
90,Vistara,DEL,IXC,3:30 PM,1:30 PM+1,,2 stops,"₹7,783"
91,Vistara,DEL,IXC,3:30 PM,1:30 PM+1,,2 stops,"₹7,783"
92,Vistara,DEL,IXC,3:30 PM,1:30 PM+2,,2 stops,"₹7,783"
93,Vistara,DEL,IXC,7:50 PM,1:30 PM+1,,2 stops,"₹7,783"
94,Vistara,DEL,IXC,7:50 PM,1:30 PM+2,,2 stops,"₹7,783"
95,Vistara,DEL,IXC,7:50 PM,1:30 PM+2,,2 stops,"₹7,783"
96,Vistara,DEL,IXC,8:40 PM,1:30 PM+1,,2 stops,"₹7,783"
97,Vistara,DEL,IXC,8:40 PM,1:30 PM+2,,2 stops,"₹7,783"
98,Vistara,DEL,IXC,8:40 PM,1:30 PM+2,,2 stops,"₹7,783"
99,Vistara,DEL,IXC,9:40 PM,1:30 PM+1,,2 stops,"₹7,783"
100,Vistara,DEL,IXC,9:40 PM,1:30 PM+2,,2 stops,"₹7,783"
101,Vistara,DEL,IXC,9:40 PM,1:30 PM+2,,2 stops,"₹7,783"
102,GO FIRST,DEL,IXC,1:45 PM,4:50 PM,,Nonstop,"₹7,804"
103,Vistara,DEL,IXC,5:55 AM,6:30 PM,,2 stops,"₹7,841"
104,Vistara,DEL,IXC,7:50 PM,6:30 PM+2,,2 stops,"₹7,841"
105,Vistara,DEL,IXC,7:50 PM,6:30 PM+2,,2 stops,"₹7,841"
106,Vistara,DEL,IXC,7:50 PM,6:30 PM+2,,2 stops,"₹7,841"
107,Vistara,DEL,IXC,7:50 PM,6:30 PM+2,,2 stops,"₹7,841"
108,Vistara,DEL,IXC,8:40 PM,6:30 PM+2,,2 stops,"₹7,841"
109,Vistara,DEL,IXC,8:40 PM,6:30 PM+2,,2 stops,"₹7,841"
110,Vistara,DEL,IXC,8:40 PM,6:30 PM+2,,2 stops,"₹7,841"
111,Vistara,DEL,IXC,8:40 PM,6:30 PM+2,,2 stops,"₹7,841"
112,Vistara,DEL,IXC,6:30 AM,6:30 PM,,2 stops,"₹7,862"
113,Vistara,DEL,IXC,7:30 AM,6:30 PM,,2 stops,"₹7,862"
114,Vistara,DEL,IXC,8:30 PM,6:30 PM+2,,2 stops,"₹7,862"
115,Vistara,DEL,IXC,7:50 PM,7:50 AM+2,,1 stop,"₹7,903"
116,Vistara,DEL,IXC,8:30 PM,6:30 PM+2,,2 stops,"₹8,072"
117,Vistara,DEL,IXC,7:00 PM,7:50 AM+2,,1 stop,"₹8,302"
118,Vistara,DEL,IXC,4:05 PM,1:30 PM+1,,2 stops,"₹8,376"
119,Vistara,DEL,IXC,5:35 PM,1:30 PM+1,,2 stops,"₹8,376"
120,Vistara,DEL,IXC,7:50 PM,1:30 PM+1,,2 stops,"₹8,376"
121,Vistara,DEL,IXC,8:40 PM,1:30 PM+1,,2 stops,"₹8,376"
122,Vistara,DEL,IXC,4:45 PM,1:30 PM+1,,2 stops,"₹8,471"
123,Vistara,DEL,IXC,5:45 PM,1:30 PM+1,,2 stops,"₹8,471"
124,Vistara,DEL,IXC,7:00 PM,1:30 PM+1,,2 stops,"₹8,471"
125,Vistara,DEL,IXC,7:00 PM,1:30 PM+2,,2 stops,"₹8,471"
126,Vistara,DEL,IXC,7:00 PM,1:30 PM+2,,2 stops,"₹8,471"
127,Vistara,DEL,IXC,2:45 PM,7:50 AM+2,,2 stops,"₹8,707"
128,Vistara,DEL,IXC,5:40 PM,7:50 AM+2,,2 stops,"₹8,707"
129,Vistara,DEL,IXC,5:40 PM,7:50 AM+2,,2 stops,"₹8,707"
130,Vistara,DEL,IXC,8:35 PM,7:50 AM+2,,2 stops,"₹8,707"
131,Vistara,DEL,IXC,8:35 PM,7:50 AM+2,,2 stops,"₹8,707"
132,Vistara,DEL,IXC,8:35 PM,7:50 AM+2,,2 stops,"₹8,707"
133,Vistara,DEL,IXC,5:45 AM,8:20 AM+1,,1 stop,"₹8,937"
134,Vistara,DEL,IXC,8:40 PM,8:20 AM+1,,1 stop,"₹8,937"
135,Vistara,DEL,IXC,9:40 PM,8:20 AM+1,,1 stop,"₹8,937"
136,Vistara,DEL,IXC,9:30 AM,8:20 AM+1,,1 stop,"₹9,158"
137,Vistara,DEL,IXC,10:20 AM,8:20 AM+1,,1 stop,"₹9,158"
138,Vistara,DEL,IXC,11:40 AM,8:20 AM+1,,1 stop,"₹9,158"
139,Vistara,DEL,IXC,12:50 PM,8:20 AM+1,,1 stop,"₹9,158"
140,Vistara,DEL,IXC,2:20 PM,8:20 AM+1,,1 stop,"₹9,158"
141,Vistara,DEL,IXC,3:30 PM,8:20 AM+1,,1 stop,"₹9,158"
142,Vistara,DEL,IXC,7:50 PM,8:20 AM+1,,1 stop,"₹9,158"
143,Vistara,DEL,IXC,7:30 AM,8:20 AM+1,,1 stop,"₹9,562"
144,Vistara,DEL,IXC,8:50 AM,8:20 AM+1,,1 stop,"₹9,562"
145,Vistara,DEL,IXC,4:45 PM,8:20 AM+1,,1 stop,"₹9,562"
146,Vistara,DEL,IXC,5:45 PM,8:20 AM+1,,1 stop,"₹9,562"
147,Vistara,DEL,IXC,7:00 PM,8:20 AM+1,,1 stop,"₹9,562"
148,Vistara,DEL,IXC,8:40 PM,7:50 AM+2,,2 stops,"₹9,788"
149,Vistara,DEL,IXC,8:40 PM,7:50 AM+2,,2 stops,"₹9,788"
150,Vistara,DEL,IXC,8:40 PM,7:50 AM+2,,2 stops,"₹9,788"
151,Vistara,DEL,IXC,10:25 AM,8:20 AM+1,,2 stops,"₹10,345"
152,Vistara,DEL,IXC,2:45 PM,8:20 AM+1,,2 stops,"₹10,345"
153,Vistara,DEL,IXC,5:40 PM,8:20 AM+1,,2 stops,"₹10,498"
154,Vistara,DEL,IXC,3:55 PM,8:20 AM+1,,2 stops,"₹11,400"
155,Vistara,DEL,IXC,5:55 AM,2:35 PM,,1 stop,"₹11,884"
156,Vistara,DEL,IXC,8:40 PM,2:35 PM+1,,1 stop,"₹11,884"
157,Vistara,DEL,IXC,2:15 PM,2:35 PM+1,,1 stop,"₹11,888"
158,Vistara,DEL,IXC,4:05 PM,2:35 PM+1,,1 stop,"₹11,888"
159,Vistara,DEL,IXC,5:35 PM,2:35 PM+1,,1 stop,"₹11,888"
160,Vistara,DEL,IXC,7:50 PM,2:35 PM+1,,1 stop,"₹11,888"
161,Vistara,DEL,IXC,5:45 AM,2:35 PM,,2 stops,"₹12,875"
162,Vistara,DEL,IXC,9:40 PM,2:35 PM+1,,2 stops,"₹12,875"
163,Vistara,DEL,IXC,9:40 PM,2:35 PM+1,,2 stops,"₹12,875"
164,Vistara,DEL,IXC,9:40 PM,2:35 PM+1,,2 stops,"₹12,875"
