,Airline_Name,Source,Destination,Departure_Time,Arrival_Time,Duration,Total_Stops,Price
0,SpiceJet,DEL,BLR,5:35 AM,8:05 AM,,Nonstop,"₹2,724"
1,GO FIRST,DEL,BLR,6:05 AM,8:40 AM,,Nonstop,"₹2,849"
2,Air India,DEL,BLR,1:30 PM,4:15 PM,,Nonstop,"₹2,915"
3,AirAsia (India),DEL,BLR,8:00 AM,10:40 AM,,Nonstop,"₹2,929"
4,SpiceJet,DEL,BLR,7:10 PM,9:55 PM,,Nonstop,"₹2,724"
5,SpiceJet,DEL,BLR,7:40 PM,10:25 PM,,Nonstop,"₹2,724"
6,SpiceJet,DEL,BLR,10:30 PM,1:15 AM+1,,Nonstop,"₹2,724"
7,IndiGo,DEL,BLR,6:45 AM,1:20 PM,,1 stop,"₹2,748"
8,IndiGo,DEL,BLR,6:45 AM,6:45 PM,,1 stop,"₹2,748"
9,IndiGo,DEL,BLR,9:15 PM,8:15 AM+1,,1 stop,"₹2,748"
10,GO FIRST,DEL,BLR,6:40 PM,9:25 PM,,Nonstop,"₹2,849"
11,SpiceJet,DEL,BLR,9:30 AM,4:50 PM,,1 stop,"₹2,858"
12,SpiceJet,DEL,BLR,5:45 PM,4:50 PM+1,,1 stop,"₹2,858"
13,Air India,DEL,BLR,6:10 AM,8:55 AM,,Nonstop,"₹2,915"
14,Air India,DEL,BLR,9:45 AM,12:30 PM,,Nonstop,"₹2,915"
15,Air India,DEL,BLR,5:20 PM,8:05 PM,,Nonstop,"₹2,915"
16,Air India,DEL,BLR,9:15 PM,12:10 AM+1,,Nonstop,"₹2,915"
17,IndiGo,DEL,BLR,4:50 AM,3:40 PM,,1 stop,"₹2,976"
18,IndiGo,DEL,BLR,9:25 AM,3:40 PM,,1 stop,"₹2,976"
19,IndiGo,DEL,BLR,9:25 AM,8:50 PM,,1 stop,"₹2,976"
20,IndiGo,DEL,BLR,1:25 PM,8:50 PM,,1 stop,"₹2,976"
21,IndiGo,DEL,BLR,9:20 PM,8:55 AM+1,,1 stop,"₹2,976"
22,"Air India, Alliance Air",DEL,BLR,9:25 PM,10:15 PM+1,,1 stop,"₹3,051"
23,IndiGo,DEL,BLR,6:10 AM,8:50 AM,,Nonstop,"₹3,054"
24,IndiGo,DEL,BLR,8:20 AM,11:15 AM,,Nonstop,"₹3,054"
25,IndiGo,DEL,BLR,9:15 AM,12:10 PM,,Nonstop,"₹3,054"
26,IndiGo,DEL,BLR,12:30 PM,3:25 PM,,Nonstop,"₹3,054"
27,IndiGo,DEL,BLR,3:30 PM,6:30 PM,,Nonstop,"₹3,054"
28,IndiGo,DEL,BLR,6:20 PM,9:15 PM,,Nonstop,"₹3,054"
29,IndiGo,DEL,BLR,9:25 PM,12:20 AM+1,,Nonstop,"₹3,054"
30,IndiGo,DEL,BLR,9:40 AM,6:30 PM,,1 stop,"₹3,138"
31,IndiGo,DEL,BLR,9:40 AM,6:45 PM,,1 stop,"₹3,138"
32,IndiGo,DEL,BLR,9:40 AM,7:35 PM,,1 stop,"₹3,138"
33,IndiGo,DEL,BLR,9:40 AM,8:45 PM,,1 stop,"₹3,138"
34,IndiGo,DEL,BLR,11:00 AM,6:30 PM,,1 stop,"₹3,138"
35,IndiGo,DEL,BLR,11:00 AM,6:45 PM,,1 stop,"₹3,138"
36,IndiGo,DEL,BLR,11:00 AM,7:35 PM,,1 stop,"₹3,138"
37,IndiGo,DEL,BLR,11:00 AM,8:45 PM,,1 stop,"₹3,138"
38,IndiGo,DEL,BLR,12:55 PM,6:30 PM,,1 stop,"₹3,138"
39,IndiGo,DEL,BLR,12:55 PM,6:45 PM,,1 stop,"₹3,138"
40,IndiGo,DEL,BLR,12:55 PM,7:35 PM,,1 stop,"₹3,138"
41,IndiGo,DEL,BLR,12:55 PM,8:45 PM,,1 stop,"₹3,138"
42,Vistara,DEL,BLR,5:55 AM,8:40 AM,,Nonstop,"₹3,169"
43,Vistara,DEL,BLR,8:05 AM,10:50 AM,,Nonstop,"₹3,169"
44,Vistara,DEL,BLR,9:05 AM,11:50 AM,,Nonstop,"₹3,169"
45,Vistara,DEL,BLR,2:15 PM,5:00 PM,,Nonstop,"₹3,169"
46,Vistara,DEL,BLR,4:05 PM,6:50 PM,,Nonstop,"₹3,169"
47,Vistara,DEL,BLR,5:35 PM,8:25 PM,,Nonstop,"₹3,169"
48,Vistara,DEL,BLR,7:50 PM,10:40 PM,,Nonstop,"₹3,169"
49,Vistara,DEL,BLR,8:40 PM,11:20 PM,,Nonstop,"₹3,169"
50,GO FIRST,DEL,BLR,3:30 PM,8:15 PM,,1 stop,"₹3,248"
51,GO FIRST,DEL,BLR,4:35 PM,12:05 AM+1,,1 stop,"₹3,248"
52,GO FIRST,DEL,BLR,6:20 PM,12:05 AM+1,,1 stop,"₹3,248"
53,GO FIRST,DEL,BLR,7:55 PM,3:00 AM+1,,1 stop,"₹3,248"
54,SpiceJet,DEL,BLR,6:55 PM,9:40 AM+1,,1 stop,"₹3,262"
55,Vistara,DEL,BLR,7:30 AM,7:30 PM,,1 stop,"₹3,306"
56,Vistara,DEL,BLR,7:30 AM,8:50 AM+1,,1 stop,"₹3,306"
57,Vistara,DEL,BLR,10:25 AM,7:30 PM,,1 stop,"₹3,306"
58,Vistara,DEL,BLR,10:25 AM,8:50 AM+1,,1 stop,"₹3,306"
59,Vistara,DEL,BLR,2:45 PM,7:30 PM,,1 stop,"₹3,306"
60,Vistara,DEL,BLR,2:45 PM,8:50 AM+1,,1 stop,"₹3,306"
61,Vistara,DEL,BLR,5:40 PM,8:50 AM+1,,1 stop,"₹3,306"
62,Vistara,DEL,BLR,5:40 PM,7:30 PM+1,,1 stop,"₹3,306"
63,Vistara,DEL,BLR,8:35 PM,8:50 AM+1,,1 stop,"₹3,306"
64,Vistara,DEL,BLR,8:35 PM,7:30 PM+1,,1 stop,"₹3,306"
65,AirAsia (India),DEL,BLR,7:10 AM,12:25 AM+1,,1 stop,"₹3,541"
66,AirAsia (India),DEL,BLR,12:50 PM,12:25 AM+1,,1 stop,"₹3,541"
67,"Air India, Alliance Air",DEL,BLR,8:10 AM,10:15 PM+1,,1 stop,"₹3,631"
68,"Air India, Alliance Air",DEL,BLR,5:15 PM,10:15 PM+1,,1 stop,"₹3,631"
69,SpiceJet,DEL,BLR,7:25 AM,9:20 PM,,1 stop,"₹3,662"
70,SpiceJet,DEL,BLR,7:45 AM,10:45 PM,,1 stop,"₹3,662"
71,SpiceJet,DEL,BLR,11:55 AM,1:35 PM+1,,1 stop,"₹3,662"
72,SpiceJet,DEL,BLR,12:00 PM,9:00 AM+1,,1 stop,"₹3,662"
73,SpiceJet,DEL,BLR,4:20 PM,9:00 AM+1,,1 stop,"₹3,662"
74,SpiceJet,DEL,BLR,7:30 PM,9:00 AM+1,,1 stop,"₹3,662"
75,GO FIRST,DEL,BLR,7:00 AM,2:10 PM,,1 stop,"₹3,700"
76,GO FIRST,DEL,BLR,8:00 AM,2:10 PM,,1 stop,"₹3,700"
77,GO FIRST,DEL,BLR,1:30 PM,7:40 PM,,1 stop,"₹3,700"
78,GO FIRST,DEL,BLR,2:20 PM,7:40 PM,,1 stop,"₹3,700"
79,GO FIRST,DEL,BLR,3:00 PM,10:45 PM,,1 stop,"₹3,700"
80,GO FIRST,DEL,BLR,3:30 PM,10:45 PM,,1 stop,"₹3,700"
81,GO FIRST,DEL,BLR,5:00 PM,10:45 PM,,1 stop,"₹3,700"
82,GO FIRST,DEL,BLR,5:00 PM,12:35 AM+1,,1 stop,"₹3,700"
83,GO FIRST,DEL,BLR,6:05 PM,12:35 AM+1,,1 stop,"₹3,700"
84,GO FIRST,DEL,BLR,9:40 AM,4:30 PM,,1 stop,"₹3,885"
85,Air India,DEL,BLR,2:45 PM,11:10 AM+1,,1 stop,"₹3,975"
86,Air India,DEL,BLR,5:50 PM,11:10 AM+1,,1 stop,"₹3,975"
87,Air India,DEL,BLR,5:50 PM,6:30 PM+1,,1 stop,"₹3,975"
88,Air India,DEL,BLR,6:00 PM,11:10 AM+1,,1 stop,"₹3,975"
89,Air India,DEL,BLR,6:00 PM,6:30 PM+1,,1 stop,"₹3,975"
90,Air India,DEL,BLR,7:00 PM,11:10 AM+1,,1 stop,"₹3,975"
91,Air India,DEL,BLR,7:00 PM,6:30 PM+1,,1 stop,"₹3,975"
92,Air India,DEL,BLR,8:00 PM,11:10 AM+1,,1 stop,"₹3,975"
93,Air India,DEL,BLR,8:00 PM,6:30 PM+1,,1 stop,"₹3,975"
94,Air India,DEL,BLR,8:00 AM,11:10 AM+1,,1 stop,"₹3,987"
95,Air India,DEL,BLR,9:00 AM,11:10 AM+1,,1 stop,"₹3,987"
96,Air India,DEL,BLR,2:45 PM,11:10 AM+1,,2 stops,"₹3,987"
97,Air India,DEL,BLR,2:45 PM,6:30 PM+1,,2 stops,"₹3,987"
98,Air India,DEL,BLR,5:50 PM,11:10 AM+1,,2 stops,"₹3,987"
99,Air India,DEL,BLR,5:50 PM,6:30 PM+1,,2 stops,"₹3,987"
100,"Air India, Alliance Air",DEL,BLR,9:45 AM,10:15 PM+1,,1 stop,"₹4,051"
101,Vistara,DEL,BLR,5:45 AM,10:45 AM,,1 stop,"₹4,157"
102,Vistara,DEL,BLR,5:45 AM,5:45 PM,,1 stop,"₹4,157"
103,Vistara,DEL,BLR,9:30 AM,5:45 PM,,1 stop,"₹4,157"
104,Vistara,DEL,BLR,9:30 AM,7:15 PM,,1 stop,"₹4,157"
105,Vistara,DEL,BLR,9:30 AM,8:55 PM,,1 stop,"₹4,157"
106,Vistara,DEL,BLR,10:20 AM,5:45 PM,,1 stop,"₹4,157"
107,Vistara,DEL,BLR,10:20 AM,7:15 PM,,1 stop,"₹4,157"
108,Vistara,DEL,BLR,10:20 AM,8:55 PM,,1 stop,"₹4,157"
109,Vistara,DEL,BLR,11:40 AM,5:45 PM,,1 stop,"₹4,157"
110,Vistara,DEL,BLR,11:40 AM,7:15 PM,,1 stop,"₹4,157"
111,Vistara,DEL,BLR,11:40 AM,8:55 PM,,1 stop,"₹4,157"
112,Vistara,DEL,BLR,11:40 AM,10:50 PM,,1 stop,"₹4,157"
113,Vistara,DEL,BLR,12:50 PM,5:45 PM,,1 stop,"₹4,157"
114,Vistara,DEL,BLR,12:50 PM,7:15 PM,,1 stop,"₹4,157"
115,Vistara,DEL,BLR,12:50 PM,8:55 PM,,1 stop,"₹4,157"
116,Vistara,DEL,BLR,12:50 PM,10:50 PM,,1 stop,"₹4,157"
117,Vistara,DEL,BLR,2:20 PM,7:15 PM,,1 stop,"₹4,157"
118,Vistara,DEL,BLR,2:20 PM,8:55 PM,,1 stop,"₹4,157"
119,Vistara,DEL,BLR,2:20 PM,10:50 PM,,1 stop,"₹4,157"
120,Vistara,DEL,BLR,3:30 PM,8:55 PM,,1 stop,"₹4,157"
121,Vistara,DEL,BLR,3:30 PM,10:50 PM,,1 stop,"₹4,157"
122,Vistara,DEL,BLR,8:40 PM,7:50 AM+1,,1 stop,"₹4,157"
123,Vistara,DEL,BLR,9:40 PM,7:50 AM+1,,1 stop,"₹4,157"
124,Vistara,DEL,BLR,9:40 PM,8:50 AM+1,,1 stop,"₹4,157"
125,Vistara,DEL,BLR,5:45 AM,7:15 PM,,1 stop,"₹4,160"
126,Vistara,DEL,BLR,5:45 AM,8:55 PM,,1 stop,"₹4,160"
127,Vistara,DEL,BLR,5:45 AM,10:50 PM,,1 stop,"₹4,160"
128,Vistara,DEL,BLR,5:45 AM,7:50 AM+1,,1 stop,"₹4,160"
129,Vistara,DEL,BLR,9:30 AM,10:50 PM,,1 stop,"₹4,160"
130,Vistara,DEL,BLR,9:30 AM,7:50 AM+1,,1 stop,"₹4,160"
131,Vistara,DEL,BLR,10:20 AM,10:50 PM,,1 stop,"₹4,160"
132,Vistara,DEL,BLR,10:20 AM,7:50 AM+1,,1 stop,"₹4,160"
133,Vistara,DEL,BLR,11:40 AM,7:50 AM+1,,1 stop,"₹4,160"
134,Vistara,DEL,BLR,12:50 PM,7:50 AM+1,,1 stop,"₹4,160"
135,Vistara,DEL,BLR,2:20 PM,7:50 AM+1,,1 stop,"₹4,160"
136,Vistara,DEL,BLR,3:30 PM,7:50 AM+1,,1 stop,"₹4,160"
137,Vistara,DEL,BLR,8:40 PM,8:50 AM+1,,1 stop,"₹4,160"
138,Vistara,DEL,BLR,8:40 PM,10:45 AM+1,,1 stop,"₹4,160"
139,Vistara,DEL,BLR,8:40 PM,5:45 PM+1,,1 stop,"₹4,160"
140,Vistara,DEL,BLR,8:40 PM,7:15 PM+1,,1 stop,"₹4,160"
141,Vistara,DEL,BLR,8:40 PM,8:55 PM+1,,1 stop,"₹4,160"
142,Vistara,DEL,BLR,8:40 PM,10:50 PM+1,,1 stop,"₹4,160"
143,Vistara,DEL,BLR,9:40 PM,10:45 AM+1,,1 stop,"₹4,160"
144,Vistara,DEL,BLR,9:40 PM,5:45 PM+1,,1 stop,"₹4,160"
145,Vistara,DEL,BLR,9:40 PM,7:15 PM+1,,1 stop,"₹4,160"
146,Vistara,DEL,BLR,9:40 PM,8:55 PM+1,,1 stop,"₹4,160"
147,Vistara,DEL,BLR,9:40 PM,10:50 PM+1,,1 stop,"₹4,160"
148,Air India,DEL,BLR,6:40 PM,5:05 PM+1,,1 stop,"₹4,473"
149,Air India,DEL,BLR,11:55 AM,12:50 PM+1,,1 stop,"₹4,487"
150,"Alliance Air, Air India",DEL,BLR,6:10 PM,12:50 PM+1,,1 stop,"₹4,498"
151,Vistara,DEL,BLR,2:20 PM,8:55 PM+1,,1 stop,"₹4,538"
152,Vistara,DEL,BLR,3:30 PM,8:55 PM+1,,1 stop,"₹4,538"
153,IndiGo,DEL,BLR,9:50 PM,7:50 AM+1,,1 stop,"₹4,625"
154,Vistara,DEL,BLR,7:30 AM,5:45 PM,,1 stop,"₹4,847"
155,Vistara,DEL,BLR,7:30 AM,7:15 PM,,1 stop,"₹4,847"
156,Vistara,DEL,BLR,8:50 AM,5:45 PM,,1 stop,"₹4,847"
157,Vistara,DEL,BLR,8:50 AM,7:15 PM,,1 stop,"₹4,847"
158,Vistara,DEL,BLR,4:45 PM,10:50 PM,,1 stop,"₹4,847"
159,Vistara,DEL,BLR,5:45 PM,10:50 PM,,1 stop,"₹4,847"
160,Vistara,DEL,BLR,7:30 AM,8:55 PM,,1 stop,"₹4,848"
161,Vistara,DEL,BLR,8:50 AM,8:55 PM,,1 stop,"₹4,848"
162,Vistara,DEL,BLR,8:50 AM,10:50 PM,,1 stop,"₹4,848"
163,Vistara,DEL,BLR,4:45 PM,7:50 AM+1,,1 stop,"₹4,848"
164,Vistara,DEL,BLR,5:45 PM,7:50 AM+1,,1 stop,"₹4,848"
165,Vistara,DEL,BLR,5:45 PM,8:55 PM+1,,1 stop,"₹4,848"
166,Vistara,DEL,BLR,7:00 PM,7:50 AM+1,,1 stop,"₹4,848"
167,Vistara,DEL,BLR,7:00 PM,8:50 AM+1,,1 stop,"₹4,848"
168,Vistara,DEL,BLR,7:00 PM,5:45 PM+1,,1 stop,"₹4,848"
169,Vistara,DEL,BLR,7:00 PM,8:55 PM+1,,1 stop,"₹4,848"
170,Vistara,DEL,BLR,7:50 PM,7:50 AM+1,,1 stop,"₹5,021"
171,Vistara,DEL,BLR,7:50 PM,8:50 AM+1,,1 stop,"₹5,021"
172,Vistara,DEL,BLR,7:50 PM,10:45 AM+1,,1 stop,"₹5,021"
173,Vistara,DEL,BLR,7:50 PM,5:45 PM+1,,1 stop,"₹5,021"
174,Vistara,DEL,BLR,7:50 PM,8:55 PM+1,,1 stop,"₹5,021"
175,Vistara,DEL,BLR,7:50 PM,10:50 PM+1,,1 stop,"₹5,021"
176,IndiGo,DEL,BLR,10:15 AM,4:40 PM,,1 stop,"₹5,105"
177,Air India,DEL,BLR,8:15 PM,1:50 AM+1,,1 stop,"₹5,166"
178,GO FIRST,DEL,BLR,8:00 AM,2:55 PM,,1 stop,"₹5,290"
179,GO FIRST,DEL,BLR,9:00 AM,2:55 PM,,1 stop,"₹5,290"
180,GO FIRST,DEL,BLR,9:00 AM,5:10 PM,,1 stop,"₹5,290"
181,GO FIRST,DEL,BLR,10:45 AM,5:10 PM,,1 stop,"₹5,290"
182,GO FIRST,DEL,BLR,11:30 AM,5:10 PM,,1 stop,"₹5,290"
183,"Air India, Alliance Air",DEL,BLR,2:10 PM,5:55 PM+1,,1 stop,"₹5,301"
184,"Air India, Alliance Air",DEL,BLR,4:50 PM,5:55 PM+1,,1 stop,"₹5,301"
185,Vistara,DEL,BLR,8:40 PM,8:50 AM+2,,2 stops,"₹5,352"
186,Vistara,DEL,BLR,8:40 PM,8:50 AM+2,,2 stops,"₹5,352"
187,Vistara,DEL,BLR,8:40 PM,8:50 AM+2,,2 stops,"₹5,352"
188,Vistara,DEL,BLR,9:40 PM,8:50 AM+2,,2 stops,"₹5,352"
189,Vistara,DEL,BLR,9:40 PM,8:50 AM+2,,2 stops,"₹5,352"
190,Vistara,DEL,BLR,9:40 PM,8:50 AM+2,,2 stops,"₹5,352"
191,Vistara,DEL,BLR,7:30 AM,5:45 PM,,2 stops,"₹5,579"
192,Vistara,DEL,BLR,7:30 AM,7:15 PM,,2 stops,"₹5,579"
193,Vistara,DEL,BLR,7:30 AM,8:55 PM,,2 stops,"₹5,579"
194,Vistara,DEL,BLR,5:40 PM,7:50 AM+1,,2 stops,"₹5,579"
195,Vistara,DEL,BLR,8:35 PM,7:50 AM+2,,2 stops,"₹5,583"
196,Vistara,DEL,BLR,8:35 PM,7:50 AM+2,,2 stops,"₹5,583"
197,Vistara,DEL,BLR,8:35 PM,7:50 AM+2,,2 stops,"₹5,583"
198,Vistara,DEL,BLR,8:35 PM,8:50 AM+2,,2 stops,"₹5,583"
199,Vistara,DEL,BLR,8:35 PM,8:50 AM+2,,2 stops,"₹5,583"
200,Vistara,DEL,BLR,8:35 PM,8:50 AM+2,,2 stops,"₹5,583"
201,"Air India, Alliance Air",DEL,BLR,5:45 AM,11:40 AM,,1 stop,"₹5,659"
202,Air India,DEL,BLR,10:35 AM,7:10 PM,,1 stop,"₹5,693"
203,"Air India, Alliance Air",DEL,BLR,10:00 PM,10:30 PM+1,,1 stop,"₹5,762"
204,IndiGo,DEL,BLR,7:25 AM,2:35 PM,,1 stop,"₹5,983"
205,Vistara,DEL,BLR,7:50 PM,8:50 AM+2,,2 stops,"₹6,166"
206,Vistara,DEL,BLR,7:50 PM,8:50 AM+2,,2 stops,"₹6,166"
207,"Air India, Alliance Air",DEL,BLR,5:45 PM,11:40 AM+1,,1 stop,"₹6,321"
208,Vistara,DEL,BLR,8:30 PM,7:50 AM+2,,2 stops,"₹6,691"
209,Vistara,DEL,BLR,8:30 PM,7:50 AM+2,,2 stops,"₹6,691"
210,Air India,DEL,BLR,5:15 PM,1:50 AM+2,,2 stops,"₹7,043"
211,Air India,DEL,BLR,9:25 PM,1:50 AM+2,,2 stops,"₹7,043"
212,Air India,DEL,BLR,6:05 AM,1:50 AM+1,,2 stops,"₹7,080"
213,GO FIRST,DEL,BLR,4:40 PM,11:40 PM,,1 stop,"₹7,089"
214,Air India,DEL,BLR,4:45 PM,1:50 AM+2,,2 stops,"₹7,122"
215,Air India,DEL,BLR,6:00 PM,1:50 AM+2,,3 stops,"₹7,631"
216,Air India,DEL,BLR,7:00 PM,1:50 AM+2,,3 stops,"₹7,631"
217,Air India,DEL,BLR,8:00 PM,1:50 AM+2,,3 stops,"₹7,631"
218,"Air India, Alliance Air",DEL,BLR,9:25 AM,1:50 AM+1,,2 stops,"₹7,757"
219,"Air India, Alliance Air",DEL,BLR,9:25 AM,1:50 AM+1,,2 stops,"₹7,757"
220,Air India,DEL,BLR,5:50 PM,1:50 AM+2,,3 stops,"₹8,503"
221,Air India,DEL,BLR,6:00 PM,1:50 AM+2,,2 stops,"₹8,503"
222,Air India,DEL,BLR,7:00 PM,1:50 AM+2,,2 stops,"₹8,503"
223,Air India,DEL,BLR,8:00 PM,1:50 AM+2,,2 stops,"₹8,503"
224,Air India,DEL,BLR,9:05 AM,1:50 AM+1,,2 stops,"₹8,514"
225,Air India,DEL,BLR,4:15 PM,1:50 AM+2,,2 stops,"₹8,970"
226,Air India,DEL,BLR,8:40 PM,1:50 AM+2,,2 stops,"₹8,970"
227,"Air India, Alliance Air",DEL,BLR,10:55 AM,10:30 PM,,1 stop,"₹9,165"
228,Vistara,DEL,BLR,11:10 AM,4:00 PM,,1 stop,"₹10,273"
229,GO FIRST,DEL,BLR,5:35 AM,10:20 AM,,1 stop,"₹10,352"
230,GO FIRST,DEL,BLR,9:10 AM,1:30 PM,,1 stop,"₹10,352"
231,GO FIRST,DEL,BLR,5:35 AM,10:20 AM,,Nonstop,"₹10,392"
232,GO FIRST,DEL,BLR,9:10 AM,1:30 PM,,Nonstop,"₹10,392"
233,Vistara,DEL,BLR,9:40 AM,7:10 PM,,1 stop,"₹11,741"
234,Vistara,DEL,BLR,5:10 PM,6:15 PM+1,,1 stop,"₹12,150"
235,Air India,DEL,BLR,7:00 AM,12:50 PM+1,,2 stops,"₹14,735"
236,Air India,DEL,BLR,8:00 AM,12:50 PM+1,,2 stops,"₹14,735"
237,AirAsia (India),DEL,BLR,12:40 PM,8:55 PM,,2 stops,"₹16,922"
238,AirAsia (India),DEL,BLR,12:40 PM,8:55 PM,,1 stop,"₹16,962"
239,GO FIRST,DEL,BLR,10:50 AM,3:10 PM,,1 stop,"₹23,419"
240,GO FIRST,DEL,BLR,10:50 AM,3:10 PM,,Nonstop,"₹23,459"
241,Emirates,DEL,BLR,10:35 AM,2:55 AM+1,,1 stop,"₹32,661"
242,Emirates,DEL,BLR,4:15 PM,2:55 AM+1,,1 stop,"₹32,661"
243,Emirates,DEL,BLR,10:35 AM,8:50 AM+1,,1 stop,"₹34,887"
244,Emirates,DEL,BLR,4:15 PM,8:50 AM+1,,1 stop,"₹34,887"
245,Singapore Airlines,DEL,BLR,10:00 AM,9:55 PM,,1 stop,"₹44,639"
246,Singapore Airlines,DEL,BLR,9:40 PM,9:55 PM+1,,1 stop,"₹44,639"
247,"Oman Air, Air India",DEL,BLR,3:25 PM,6:30 PM+1,,2 stops,"₹44,776"
248,Kuwait Airways,DEL,BLR,12:15 AM,3:55 AM+1,,1 stop,"₹49,343"
249,Emirates,DEL,BLR,4:10 AM,2:55 AM+1,,1 stop,"₹50,369"
250,Qatar Airways,DEL,BLR,9:15 PM,8:50 PM+1,,1 stop,"₹58,086"
251,Qatar Airways,DEL,BLR,9:15 PM,2:15 AM+2,,1 stop,"₹58,086"
252,Qatar Airways,DEL,BLR,10:00 AM,8:50 PM,,1 stop,"₹60,816"
253,Qatar Airways,DEL,BLR,10:00 AM,2:15 AM+1,,1 stop,"₹60,816"
254,Qatar Airways,DEL,BLR,3:40 AM,8:50 PM,,1 stop,"₹65,436"
255,Qatar Airways,DEL,BLR,3:40 AM,2:15 AM+1,,1 stop,"₹65,436"
