,Airline_Name,Source,Destination,Departure_Time,Arrival_Time,Duration,Total_Stops,Price
0,Go First,New Delhi,Mumbai,08:00,10:10,2h 10m,Non Stop,"5,954"
1,Go First,New Delhi,Mumbai,14:20,16:35,2h 15m,Non Stop,"5,954"
2,Go First,New Delhi,Mumbai,21:00,23:15,2h 15m,Non Stop,"5,954"
3,Go First,New Delhi,Mumbai,18:05,20:25,2h 20m,Non Stop,"5,954"
4,Go First,New Delhi,Mumbai,16:45,21:25,4h 40m,1 Stop,"5,954"
5,Go First,New Delhi,Mumbai,12:45,18:20,5h 35m,1 Stop,"5,954"
6,Go First,New Delhi,Mumbai,12:20,18:10,5h 50m,1 Stop,"5,954"
7,Go First,New Delhi,Mumbai,11:50,18:10,6h 20m,1 Stop,"5,954"
8,Go First,New Delhi,Mumbai,12:45,19:40,6h 55m,1 Stop,"5,954"
9,Go First,New Delhi,Mumbai,06:10,18:10,12h 00m,1 Stop,"5,954"
10,Air India,New Delhi,Mumbai,18:00,20:00,2h 00m,Non Stop,"5,955"
11,Air India,New Delhi,Mumbai,07:00,09:05,2h 05m,Non Stop,"5,955"
12,IndiGo,New Delhi,Mumbai,07:15,09:25,2h 10m,Non Stop,"5,955"
13,Air India,New Delhi,Mumbai,08:00,10:10,2h 10m,Non Stop,"5,955"
14,IndiGo,New Delhi,Mumbai,12:00,14:10,2h 10m,Non Stop,"5,955"
15,Vistara,New Delhi,Mumbai,14:20,16:30,2h 10m,Non Stop,"5,955"
16,Vistara,New Delhi,Mumbai,15:30,17:40,2h 10m,Non Stop,"5,955"
17,IndiGo,New Delhi,Mumbai,17:15,19:25,2h 10m,Non Stop,"5,955"
18,IndiGo,New Delhi,Mumbai,18:40,20:50,2h 10m,Non Stop,"5,955"
19,SpiceJet,New Delhi,Mumbai,19:30,21:40,2h 10m,Non Stop,"5,955"
20,Air India,New Delhi,Mumbai,20:00,22:10,2h 10m,Non Stop,"5,955"
21,Vistara,New Delhi,Mumbai,07:30,09:45,2h 15m,Non Stop,"5,955"
22,Air India,New Delhi,Mumbai,09:00,11:15,2h 15m,Non Stop,"5,955"
23,Air India,New Delhi,Mumbai,19:00,21:15,2h 15m,Non Stop,"5,955"
24,IndiGo,New Delhi,Mumbai,21:15,23:30,2h 15m,Non Stop,"5,955"
25,SpiceJet,New Delhi,Mumbai,06:20,08:40,2h 20m,Non Stop,"5,955"
26,Vistara,New Delhi,Mumbai,17:45,20:05,2h 20m,Non Stop,"5,955"
27,IndiGo,New Delhi,Mumbai,09:30,12:00,2h 30m,Non Stop,"5,955"
28,Air India,New Delhi,Mumbai,14:45,18:00,3h 15m,1 Stop,"5,955"
29,Air India,New Delhi,Mumbai,17:50,21:35,3h 45m,1 Stop,"5,955"
30,IndiGo,New Delhi,Mumbai,10:30,14:35,4h 05m,1 Stop,"5,955"
31,SpiceJet,New Delhi,Mumbai,07:45,12:00,4h 15m,1 Stop,"5,955"
32,IndiGo,New Delhi,Mumbai,07:20,12:25,5h 05m,1 Stop,"5,955"
33,IndiGo,New Delhi,Mumbai,10:15,17:55,7h 40m,1 Stop,"5,955"
34,IndiGo,New Delhi,Mumbai,10:30,18:50,8h 20m,1 Stop,"5,955"
35,IndiGo,New Delhi,Mumbai,22:15,08:25 + 1 day,10h 10m,1 Stop,"5,955"
36,IndiGo,New Delhi,Mumbai,12:55,23:15,10h 20m,1 Stop,"5,955"
37,IndiGo,New Delhi,Mumbai,21:50,08:15 + 1 day,10h 25m,1 Stop,"5,955"
38,SpiceJet,New Delhi,Mumbai,05:15,22:40,17h 25m,1 Stop,"5,955"
39,Vistara,New Delhi,Mumbai,09:30,11:35,2h 05m,Non Stop,"6,060"
40,IndiGo,New Delhi,Mumbai,05:15,10:05,4h 50m,1 Stop,"6,443"
41,Vistara,New Delhi,Mumbai,21:40,23:50,2h 10m,Non Stop,"6,690"
42,Air India,New Delhi,Mumbai,08:40,23:25,14h 45m,1 Stop,"7,468"
43,Air India,New Delhi,Mumbai,05:55,23:25,17h 30m,1 Stop,"7,468"
44,IndiGo,New Delhi,Mumbai,07:25,16:05,8h 40m,1 Stop,"7,908"
45,IndiGo,New Delhi,Mumbai,06:25,16:40,10h 15m,1 Stop,"7,908"
46,Air India,New Delhi,Mumbai,13:15,17:50,4h 35m,1 Stop,"8,160"
47,Air India,New Delhi,Mumbai,18:10,15:50 + 1 day,21h 40m,1 Stop,"8,160"
48,Vistara,New Delhi,Mumbai,13:20,16:00 + 1 day,26h 40m,1 Stop,"8,160"
49,Air India,New Delhi,Mumbai,05:35,20:45,15h 10m,1 Stop,"9,000"
50,Air India,New Delhi,Mumbai,20:00,20:45 + 1 day,24h 45m,1 Stop,"9,000"
51,Air India,New Delhi,Mumbai,05:15,09:20 + 1 day,28h 05m,2 Stop(s),"9,000"
52,Air India,New Delhi,Mumbai,05:15,16:25,11h 10m,2 Stop(s),"9,590"
53,Air India,New Delhi,Mumbai,16:30,16:25 + 1 day,23h 55m,2 Stop(s),"9,590"
54,Air India,New Delhi,Mumbai,17:15,23:55,6h 40m,1 Stop,"9,840"
55,Vistara,New Delhi,Mumbai,07:30,14:30,7h 00m,1 Stop,"9,840"
56,Air India,New Delhi,Mumbai,09:45,23:55,14h 10m,1 Stop,"9,840"
57,Air India,New Delhi,Mumbai,08:10,23:55,15h 45m,1 Stop,"9,840"
58,Vistara,New Delhi,Mumbai,20:35,14:30 + 1 day,17h 55m,1 Stop,"9,840"
59,Vistara,New Delhi,Mumbai,20:35,23:00 + 1 day,26h 25m,1 Stop,"9,840"
60,Air India,New Delhi,Mumbai,21:25,23:55 + 1 day,26h 30m,1 Stop,"9,840"
61,Vistara,New Delhi,Mumbai,14:45,14:30 + 1 day,23h 45m,1 Stop,"9,945"
62,Air India,New Delhi,Mumbai,12:55,19:15,6h 20m,1 Stop,"9,988"
63,Vistara,New Delhi,Mumbai,13:40,21:35,7h 55m,1 Stop,"10,155"
64,Vistara,New Delhi,Mumbai,17:40,14:30 + 1 day,20h 50m,1 Stop,"10,260"
65,Air India,New Delhi,Mumbai,10:55,16:35,5h 40m,1 Stop,"10,470"
66,Air India,New Delhi,Mumbai,22:00,08:20 + 1 day,10h 20m,1 Stop,"10,470"
67,Air India,New Delhi,Mumbai,10:55,00:10 + 1 day,13h 15m,1 Stop,"10,470"
68,Air India,New Delhi,Mumbai,22:00,16:35 + 1 day,18h 35m,1 Stop,"10,470"
69,Air India,New Delhi,Mumbai,10:55,08:20 + 1 day,21h 25m,1 Stop,"10,470"
70,Air India,New Delhi,Mumbai,22:00,22:25 + 1 day,24h 25m,1 Stop,"10,470"
71,Air India,New Delhi,Mumbai,22:00,00:10 + 2 days,26h 10m,1 Stop,"10,470"
72,Vistara,New Delhi,Mumbai,11:10,14:45 + 1 day,27h 35m,1 Stop,"10,470"
73,Air India,New Delhi,Mumbai,10:15,15:40,5h 25m,1 Stop,"10,680"
74,Air India,New Delhi,Mumbai,11:00,17:25,6h 25m,1 Stop,"10,680"
75,Air India,New Delhi,Mumbai,18:40,17:25 + 1 day,22h 45m,1 Stop,"10,680"
76,Air India,New Delhi,Mumbai,10:55,22:50,11h 55m,1 Stop,"10,785"
77,Air India,New Delhi,Mumbai,16:45,17:50 + 1 day,25h 05m,1 Stop,"10,921"
78,Go First,New Delhi,Mumbai,05:45,18:10,12h 25m,1 Stop,"11,295"
79,SpiceJet,New Delhi,Mumbai,18:10,07:25 + 1 day,13h 15m,1 Stop,"12,780"
80,Vistara,New Delhi,Chennai,07:10,09:55,2h 45m,1 Stop,"7,425"
81,Air India,New Delhi,Chennai,16:15,19:00,2h 45m,1 Stop,"7,425"
82,Air India,New Delhi,Chennai,06:05,08:55,2h 50m,1 Stop,"7,425"
83,Air India,New Delhi,Chennai,09:50,12:40,2h 50m,1 Stop,"7,425"
84,Vistara,New Delhi,Chennai,13:30,16:20,2h 50m,1 Stop,"7,425"
85,Vistara,New Delhi,Chennai,19:55,22:45,2h 50m,1 Stop,"7,425"
86,IndiGo,New Delhi,Chennai,20:30,23:20,2h 50m,1 Stop,"7,425"
87,IndiGo,New Delhi,Chennai,07:25,10:20,2h 55m,1 Stop,"7,425"
88,IndiGo,New Delhi,Chennai,12:45,15:40,2h 55m,1 Stop,"7,425"
89,IndiGo,New Delhi,Chennai,17:30,20:25,2h 55m,1 Stop,"7,425"
90,Air India,New Delhi,Chennai,20:40,23:35,2h 55m,1 Stop,"7,425"
91,IndiGo,New Delhi,Chennai,09:40,15:05,5h 25m,1 Stop,"7,425"
92,IndiGo,New Delhi,Chennai,14:40,21:05,6h 25m,2 Stop(s),"7,425"
93,IndiGo,New Delhi,Chennai,12:55,20:05,7h 10m,1 Stop,"7,425"
94,IndiGo,New Delhi,Chennai,08:20,15:55,7h 35m,1 Stop,"7,425"
95,IndiGo,New Delhi,Chennai,06:45,15:05,8h 20m,1 Stop,"7,425"
96,IndiGo,New Delhi,Chennai,12:55,22:05,9h 10m,1 Stop,"7,425"
97,IndiGo,New Delhi,Chennai,09:40,20:05,10h 25m,1 Stop,"7,425"
98,IndiGo,New Delhi,Chennai,21:15,07:45 + 1 day,10h 30m,1 Stop,"7,425"
99,IndiGo,New Delhi,Chennai,09:15,21:05,11h 50m,1 Stop,"7,425"
100,SpiceJet,New Delhi,Chennai,19:40,07:55 + 1 day,12h 15m,1 Stop,"7,425"
101,SpiceJet,New Delhi,Chennai,19:30,08:00 + 1 day,12h 30m,1 Stop,"7,425"
102,SpiceJet,New Delhi,Chennai,06:20,08:00 + 1 day,25h 40m,1 Stop,"7,425"
103,IndiGo,New Delhi,Chennai,10:15,21:05,10h 50m,2 Stop(s),"9,415"
104,Vistara,New Delhi,Chennai,17:45,23:05,5h 20m,1 Stop,"11,520"
105,Vistara,New Delhi,Chennai,14:20,19:55,5h 35m,1 Stop,"11,520"
106,Vistara,New Delhi,Chennai,15:30,23:05,7h 35m,1 Stop,"11,520"
107,Vistara,New Delhi,Chennai,14:20,23:05,8h 45m,2 Stop(s),"11,520"
108,Vistara,New Delhi,Chennai,07:30,19:55,12h 25m,1 Stop,"11,520"
109,Air India,New Delhi,Chennai,20:00,10:55 + 1 day,14h 55m,1 Stop,"11,520"
110,Vistara,New Delhi,Chennai,17:45,08:50 + 1 day,15h 05m,1 Stop,"11,520"
111,Vistara,New Delhi,Chennai,07:30,23:05,15h 35m,1 Stop,"11,520"
112,Air India,New Delhi,Chennai,19:00,10:55 + 1 day,15h 55m,1 Stop,"11,520"
113,Air India,New Delhi,Chennai,18:00,10:55 + 1 day,16h 55m,1 Stop,"11,520"
114,Air India,New Delhi,Chennai,17:50,10:55 + 1 day,17h 05m,1 Stop,"11,520"
115,Vistara,New Delhi,Chennai,15:30,08:50 + 1 day,17h 20m,1 Stop,"11,520"
116,Vistara,New Delhi,Chennai,17:45,11:50 + 1 day,18h 05m,2 Stop(s),"11,520"
117,Vistara,New Delhi,Chennai,14:20,08:50 + 1 day,18h 30m,2 Stop(s),"11,520"
118,Air India,New Delhi,Chennai,14:45,10:55 + 1 day,20h 10m,1 Stop,"11,520"
119,Vistara,New Delhi,Chennai,15:30,11:50 + 1 day,20h 20m,1 Stop,"11,520"
120,Vistara,New Delhi,Chennai,14:20,11:50 + 1 day,21h 30m,1 Stop,"11,520"
121,Air India,New Delhi,Chennai,22:00,19:40 + 1 day,21h 40m,2 Stop(s),"11,520"
122,Air India,New Delhi,Chennai,09:00,10:55 + 1 day,25h 55m,2 Stop(s),"11,520"
123,Air India,New Delhi,Chennai,08:00,10:55 + 1 day,26h 55m,2 Stop(s),"11,520"
124,Air India,New Delhi,Chennai,07:00,10:55 + 1 day,27h 55m,2 Stop(s),"11,520"
125,Vistara,New Delhi,Chennai,09:30,19:55,10h 25m,2 Stop(s),"11,625"
126,Vistara,New Delhi,Chennai,09:30,23:05,13h 35m,2 Stop(s),"11,625"
127,Air India,New Delhi,Chennai,08:40,10:55 + 1 day,26h 15m,2 Stop(s),"11,629"
128,Air India,New Delhi,Chennai,05:55,10:55 + 1 day,29h 00m,2 Stop(s),"11,629"
129,Vistara,New Delhi,Chennai,21:40,08:50 + 1 day,11h 10m,2 Stop(s),"12,255"
130,Vistara,New Delhi,Chennai,21:40,11:50 + 1 day,14h 10m,2 Stop(s),"12,255"
131,Vistara,New Delhi,Chennai,21:40,19:55 + 1 day,22h 15m,2 Stop(s),"12,255"
132,Vistara,New Delhi,Chennai,13:20,19:55 + 1 day,30h 35m,2 Stop(s),"12,348"
133,Vistara,New Delhi,Chennai,13:20,23:05 + 1 day,33h 45m,2 Stop(s),"12,348"
134,Air India,New Delhi,Chennai,11:00,10:55 + 1 day,23h 55m,2 Stop(s),"13,161"
135,Air India,New Delhi,Chennai,07:05,10:55 + 1 day,27h 50m,2 Stop(s),"13,179"
136,Vistara,New Delhi,Chennai,07:30,19:55,12h 25m,2 Stop(s),"14,028"
137,Vistara,New Delhi,Chennai,07:30,23:05,15h 35m,2 Stop(s),"14,028"
138,Vistara,New Delhi,Chennai,13:20,23:05,9h 45m,2 Stop(s),"14,616"
139,Vistara,New Delhi,Chennai,13:20,08:50 + 1 day,19h 30m,3 Stop(s),"14,616"
140,Vistara,New Delhi,Chennai,13:20,11:50 + 1 day,22h 30m,2 Stop(s),"14,616"
141,Vistara,New Delhi,Chennai,13:20,19:55 + 1 day,30h 35m,1 Stop,"14,616"
142,Vistara,New Delhi,Chennai,13:40,08:50 + 1 day,19h 10m,1 Stop,"15,236"
143,Vistara,New Delhi,Chennai,13:40,11:50 + 1 day,22h 10m,1 Stop,"15,236"
144,Vistara,New Delhi,Chennai,13:40,19:55 + 1 day,30h 15m,1 Stop,"15,236"
145,Vistara,New Delhi,Chennai,11:10,19:55 + 1 day,32h 45m,1 Stop,"15,498"
146,Vistara,New Delhi,Chennai,11:10,23:05 + 1 day,35h 55m,1 Stop,"15,498"
147,Air India,New Delhi,Chennai,10:15,10:55 + 1 day,24h 40m,1 Stop,"16,017"
148,Vistara,New Delhi,Chennai,20:40,19:55 + 1 day,23h 15m,1 Stop,"16,212"
149,Vistara,New Delhi,Chennai,17:35,19:55 + 1 day,26h 20m,1 Stop,"16,212"
150,Vistara,New Delhi,Chennai,06:30,23:05,16h 35m,1 Stop,"16,706"
151,Air India,New Delhi,Chennai,22:00,11:00 + 1 day,13h 00m,1 Stop,"17,233"
152,SpiceJet,New Delhi,Kolkata,21:55,00:05 + 1 day,2h 10m,1 Stop,"5,954"
153,SpiceJet,New Delhi,Kolkata,05:15,09:05,3h 50m,1 Stop,"5,954"
154,SpiceJet,New Delhi,Kolkata,13:00,18:45,5h 45m,1 Stop,"5,954"
155,SpiceJet,New Delhi,Kolkata,07:25,18:45,11h 20m,1 Stop,"5,954"
156,SpiceJet,New Delhi,Kolkata,09:25,21:30,12h 05m,1 Stop,"5,954"
157,SpiceJet,New Delhi,Kolkata,09:25,23:20,13h 55m,1 Stop,"5,954"
158,Go First,New Delhi,Kolkata,21:00,11:10 + 1 day,14h 10m,1 Stop,"5,954"
159,Go First,New Delhi,Kolkata,16:45,08:40 + 1 day,15h 55m,1 Stop,"5,954"
160,SpiceJet,New Delhi,Kolkata,05:15,00:55 + 1 day,19h 40m,1 Stop,"5,954"
161,SpiceJet,New Delhi,Kolkata,09:25,09:55 + 1 day,24h 30m,1 Stop,"5,954"
162,Air India,New Delhi,Kolkata,22:00,00:05 + 1 day,2h 05m,1 Stop,"5,955"
163,IndiGo,New Delhi,Kolkata,22:30,00:35 + 1 day,2h 05m,2 Stop(s),"5,955"
164,Vistara,New Delhi,Kolkata,06:30,09:35,3h 05m,2 Stop(s),"5,955"
165,IndiGo,New Delhi,Kolkata,14:40,19:50,5h 10m,1 Stop,"5,955"
166,IndiGo,New Delhi,Kolkata,12:35,17:50,5h 15m,1 Stop,"5,955"
167,IndiGo,New Delhi,Kolkata,15:30,20:55,5h 25m,1 Stop,"5,955"
168,IndiGo,New Delhi,Kolkata,07:25,13:10,5h 45m,2 Stop(s),"5,955"
169,IndiGo,New Delhi,Kolkata,16:45,22:55,6h 10m,1 Stop,"5,955"
170,IndiGo,New Delhi,Kolkata,13:15,20:15,7h 00m,2 Stop(s),"5,955"
171,IndiGo,New Delhi,Kolkata,14:40,22:25,7h 45m,1 Stop,"5,955"
172,IndiGo,New Delhi,Kolkata,10:25,20:55,10h 30m,1 Stop,"5,955"
173,SpiceJet,New Delhi,Kolkata,19:20,00:55 + 1 day,5h 35m,1 Stop,"6,060"
174,SpiceJet,New Delhi,Kolkata,16:45,17:55 + 1 day,25h 10m,1 Stop,"6,060"
175,IndiGo,New Delhi,Kolkata,09:15,19:50,10h 35m,1 Stop,"6,443"
176,IndiGo,New Delhi,Kolkata,12:20,20:15,7h 55m,1 Stop,"6,932"
177,Air India,New Delhi,Kolkata,18:40,14:50 + 1 day,20h 10m,1 Stop,"8,370"
178,Air India,New Delhi,Kolkata,11:00,14:50 + 1 day,27h 50m,1 Stop,"8,370"
179,Vistara,New Delhi,Kolkata,17:30,20:45,3h 15m,1 Stop,"8,790"
180,Vistara,New Delhi,Kolkata,13:40,20:45,7h 05m,1 Stop,"9,000"
181,Vistara,New Delhi,Kolkata,06:30,20:45,14h 15m,1 Stop,"9,053"
182,Air India,New Delhi,Kolkata,05:15,20:05,14h 50m,1 Stop,"9,538"
183,Air India,New Delhi,Kolkata,16:45,12:10 + 1 day,19h 25m,1 Stop,"10,081"
184,Air India,New Delhi,Kolkata,16:30,20:05 + 1 day,27h 35m,1 Stop,"10,430"
185,Air India,New Delhi,Kolkata,09:05,16:35,7h 30m,1 Stop,"10,618"
186,Vistara,New Delhi,Kolkata,10:20,16:55,6h 35m,1 Stop,"10,680"
187,Air India,New Delhi,Kolkata,21:25,08:05 + 1 day,10h 40m,1 Stop,"10,680"
188,Air India,New Delhi,Kolkata,17:15,08:05 + 1 day,14h 50m,1 Stop,"10,680"
189,Air India,New Delhi,Kolkata,09:45,08:05 + 1 day,22h 20m,1 Stop,"10,680"
190,Air India,New Delhi,Kolkata,08:10,08:05 + 1 day,23h 55m,1 Stop,"10,680"
191,Air India,New Delhi,Kolkata,10:35,12:10 + 1 day,25h 35m,1 Stop,"11,026"
192,Air India,New Delhi,Kolkata,06:05,13:55,7h 50m,2 Stop(s),"12,150"
193,Air India,New Delhi,Kolkata,21:15,05:15 + 1 day,8h 00m,1 Stop,"12,150"
194,Air India,New Delhi,Kolkata,09:25,18:00,8h 35m,1 Stop,"12,150"
195,Air India,New Delhi,Kolkata,09:25,19:40,10h 15m,1 Stop,"12,150"
196,Air India,New Delhi,Kolkata,17:20,05:15 + 1 day,11h 55m,2 Stop(s),"12,150"
197,Air India,New Delhi,Kolkata,20:40,09:35 + 1 day,12h 55m,1 Stop,"12,150"
198,Air India,New Delhi,Kolkata,13:30,05:15 + 1 day,15h 45m,2 Stop(s),"12,150"
199,Air India,New Delhi,Kolkata,16:15,09:35 + 1 day,17h 20m,2 Stop(s),"12,150"
200,Air India,New Delhi,Kolkata,09:45,05:15 + 1 day,19h 30m,2 Stop(s),"12,150"
201,Air India,New Delhi,Kolkata,06:10,05:15 + 1 day,23h 05m,3 Stop(s),"12,150"
202,Air India,New Delhi,Kolkata,09:50,09:35 + 1 day,23h 45m,3 Stop(s),"12,150"
203,Air India,New Delhi,Kolkata,06:05,09:35 + 1 day,27h 30m,2 Stop(s),"12,150"
204,Air India,New Delhi,Kolkata,09:25,13:00 + 1 day,27h 35m,2 Stop(s),"12,150"
205,Go First,New Delhi,Kolkata,16:35,03:40 + 1 day,11h 05m,2 Stop(s),"12,884"
206,Vistara,New Delhi,Kolkata,07:30,16:55,9h 25m,2 Stop(s),"12,990"
207,Vistara,New Delhi,Kolkata,17:45,09:40 + 1 day,15h 55m,2 Stop(s),"12,990"
208,Vistara,New Delhi,Kolkata,15:30,09:40 + 1 day,18h 10m,3 Stop(s),"12,990"
209,Vistara,New Delhi,Kolkata,14:20,09:40 + 1 day,19h 20m,1 Stop,"12,990"
210,Vistara,New Delhi,Kolkata,09:30,16:55,7h 25m,1 Stop,"13,095"
211,Vistara,New Delhi,Kolkata,09:30,09:40 + 1 day,24h 10m,1 Stop,"13,095"
212,Air India,New Delhi,Kolkata,20:00,12:10 + 1 day,16h 10m,1 Stop,"13,410"
213,Air India,New Delhi,Kolkata,19:00,12:10 + 1 day,17h 10m,1 Stop,"13,410"
214,Air India,New Delhi,Kolkata,18:00,12:10 + 1 day,18h 10m,2 Stop(s),"13,410"
215,Air India,New Delhi,Kolkata,17:50,12:10 + 1 day,18h 20m,1 Stop,"13,410"
216,Air India,New Delhi,Kolkata,14:45,12:10 + 1 day,21h 25m,1 Stop,"13,410"
217,Air India,New Delhi,Kolkata,09:00,12:10 + 1 day,27h 10m,1 Stop,"13,410"
218,Air India,New Delhi,Kolkata,08:00,12:10 + 1 day,28h 10m,2 Stop(s),"13,410"
219,Air India,New Delhi,Kolkata,07:00,12:10 + 1 day,29h 10m,2 Stop(s),"13,410"
220,Air India,New Delhi,Kolkata,09:25,16:05,6h 40m,1 Stop,"13,663"
221,Air India,New Delhi,Kolkata,09:25,14:45 + 1 day,29h 20m,1 Stop,"13,663"
222,Air India,New Delhi,Kolkata,04:55,12:10 + 1 day,31h 15m,1 Stop,"13,688"
223,Vistara,New Delhi,Kolkata,21:40,09:40 + 1 day,12h 00m,2 Stop(s),"13,725"
224,Vistara,New Delhi,Kolkata,17:45,16:55 + 1 day,23h 10m,2 Stop(s),"15,615"
225,Vistara,New Delhi,Kolkata,15:30,16:55 + 1 day,25h 25m,2 Stop(s),"15,615"
226,Vistara,New Delhi,Kolkata,14:20,16:55 + 1 day,26h 35m,2 Stop(s),"15,615"
227,Vistara,New Delhi,Kolkata,21:40,16:55 + 1 day,19h 15m,1 Stop,"16,350"
228,Vistara,New Delhi,Kolkata,13:40,09:40 + 1 day,20h 00m,1 Stop,"17,289"
229,Air India,New Delhi,Kolkata,20:00,08:50 + 1 day,12h 50m,1 Stop,"18,135"
230,Air India,New Delhi,Kolkata,19:00,08:50 + 1 day,13h 50m,2 Stop(s),"18,135"
231,Air India,New Delhi,Kolkata,18:00,08:50 + 1 day,14h 50m,1 Stop,"18,135"
232,Air India,New Delhi,Kolkata,17:50,08:50 + 1 day,15h 00m,1 Stop,"18,135"
233,Air India,New Delhi,Kolkata,14:45,08:50 + 1 day,18h 05m,1 Stop,"18,135"
234,Air India,New Delhi,Kolkata,09:00,08:50 + 1 day,23h 50m,1 Stop,"18,135"
235,Air India,New Delhi,Kolkata,08:00,08:50 + 1 day,24h 50m,1 Stop,"18,135"
236,Air India,New Delhi,Kolkata,07:00,08:50 + 1 day,25h 50m,1 Stop,"18,135"
237,Vistara,New Delhi,Kolkata,13:30,09:40 + 1 day,20h 10m,1 Stop,"18,176"
238,Vistara,New Delhi,Kolkata,07:10,09:40 + 1 day,26h 30m,1 Stop,"18,176"
239,Vistara,New Delhi,Kolkata,07:10,09:40 + 1 day,26h 30m,1 Stop,"18,176"
240,Air India,New Delhi,Kolkata,04:55,08:50 + 1 day,27h 55m,1 Stop,"18,424"
241,SpiceJet,New Delhi,Kolkata,10:15,21:30,11h 15m,1 Stop,"25,049"
242,SpiceJet,New Delhi,Kolkata,10:15,23:20,13h 05m,1 Stop,"25,049"
243,SpiceJet,New Delhi,Kolkata,10:15,09:55 + 1 day,23h 40m,1 Stop,"25,049"
244,Air Asia,New Delhi,Bangalore,12:40,20:55,8h 15m,1 Stop,"7,423"
245,Go First,New Delhi,Bangalore,06:00,10:25,4h 25m,1 Stop,"7,424"
246,Go First,New Delhi,Bangalore,16:45,23:40,6h 55m,1 Stop,"7,424"
247,Go First,New Delhi,Bangalore,14:20,22:20,8h 00m,1 Stop,"7,424"
248,Go First,New Delhi,Bangalore,21:00,09:55 + 1 day,12h 55m,1 Stop,"7,424"
249,Go First,New Delhi,Bangalore,08:00,22:20,14h 20m,1 Stop,"7,424"
250,Go First,New Delhi,Bangalore,18:05,09:55 + 1 day,15h 50m,1 Stop,"7,424"
251,Vistara,New Delhi,Bangalore,20:40,23:20,2h 40m,1 Stop,"7,425"
252,Air India,New Delhi,Bangalore,06:10,08:55,2h 45m,1 Stop,"7,425"
253,Vistara,New Delhi,Bangalore,09:05,11:50,2h 45m,1 Stop,"7,425"
254,Air India,New Delhi,Bangalore,09:45,12:30,2h 45m,1 Stop,"7,425"
255,Air India,New Delhi,Bangalore,13:30,16:15,2h 45m,1 Stop,"7,425"
256,Vistara,New Delhi,Bangalore,14:15,17:00,2h 45m,1 Stop,"7,425"
257,Air India,New Delhi,Bangalore,17:20,20:05,2h 45m,1 Stop,"7,425"
258,SpiceJet,New Delhi,Bangalore,19:40,22:25,2h 45m,1 Stop,"7,425"
259,Vistara,New Delhi,Bangalore,17:35,20:25,2h 50m,1 Stop,"7,425"
260,IndiGo,New Delhi,Bangalore,08:20,11:15,2h 55m,1 Stop,"7,425"
261,IndiGo,New Delhi,Bangalore,18:20,21:15,2h 55m,1 Stop,"7,425"
262,Air India,New Delhi,Bangalore,21:15,00:10 + 1 day,2h 55m,1 Stop,"7,425"
263,IndiGo,New Delhi,Bangalore,21:25,00:20 + 1 day,2h 55m,1 Stop,"7,425"
264,IndiGo,New Delhi,Bangalore,15:30,18:30,3h 00m,1 Stop,"7,425"
265,SpiceJet,New Delhi,Bangalore,09:30,16:50,7h 20m,2 Stop(s),"7,425"
266,SpiceJet,New Delhi,Bangalore,07:45,22:45,15h 00m,1 Stop,"7,425"
267,SpiceJet,New Delhi,Bangalore,11:55,13:35 + 1 day,25h 40m,1 Stop,"7,425"
268,Air Asia,New Delhi,Bangalore,08:00,10:40,2h 40m,2 Stop(s),"7,633"
269,SpiceJet,New Delhi,Bangalore,19:30,09:00 + 1 day,13h 30m,1 Stop,"7,740"
270,IndiGo,New Delhi,Bangalore,12:55,18:30,5h 35m,1 Stop,"9,735"
271,IndiGo,New Delhi,Bangalore,06:45,13:20,6h 35m,1 Stop,"9,735"
272,IndiGo,New Delhi,Bangalore,12:55,20:45,7h 50m,2 Stop(s),"9,735"
273,IndiGo,New Delhi,Bangalore,09:40,18:30,8h 50m,1 Stop,"9,735"
274,IndiGo,New Delhi,Bangalore,09:40,20:45,11h 05m,1 Stop,"9,735"
275,Air India,New Delhi,Bangalore,21:25,22:15 + 1 day,24h 50m,1 Stop,"9,840"
276,Air India,New Delhi,Bangalore,05:45,11:40,5h 55m,1 Stop,"9,988"
277,Air India,New Delhi,Bangalore,17:45,11:40 + 1 day,17h 55m,2 Stop(s),"9,988"
278,IndiGo,New Delhi,Bangalore,06:45,11:50,5h 05m,1 Stop,"10,365"
279,IndiGo,New Delhi,Bangalore,21:50,07:50 + 1 day,10h 00m,1 Stop,"10,365"
280,Air India,New Delhi,Bangalore,18:10,12:50 + 1 day,18h 40m,1 Stop,"10,470"
281,IndiGo,New Delhi,Bangalore,21:20,02:35 + 1 day,5h 15m,2 Stop(s),"10,523"
282,IndiGo,New Delhi,Bangalore,09:25,15:40,6h 15m,2 Stop(s),"10,523"
283,IndiGo,New Delhi,Bangalore,17:25,02:35 + 1 day,9h 10m,1 Stop,"10,523"
284,IndiGo,New Delhi,Bangalore,04:50,15:40,10h 50m,1 Stop,"10,523"
285,IndiGo,New Delhi,Bangalore,21:20,08:55 + 1 day,11h 35m,1 Stop,"10,523"
286,Go First,New Delhi,Bangalore,16:35,07:25 + 1 day,14h 50m,1 Stop,"10,575"
287,Vistara,New Delhi,Bangalore,15:30,20:55,5h 25m,1 Stop,"10,680"
288,Vistara,New Delhi,Bangalore,14:20,20:55,6h 35m,1 Stop,"10,680"
289,Vistara,New Delhi,Bangalore,07:30,20:55,13h 25m,1 Stop,"10,680"
290,Air India,New Delhi,Bangalore,20:00,11:10 + 1 day,15h 10m,2 Stop(s),"10,680"
291,Air India,New Delhi,Bangalore,19:00,11:10 + 1 day,16h 10m,2 Stop(s),"10,680"
292,Vistara,New Delhi,Bangalore,17:45,10:45 + 1 day,17h 00m,2 Stop(s),"10,680"
293,Air India,New Delhi,Bangalore,18:00,11:10 + 1 day,17h 10m,2 Stop(s),"10,680"
294,Air India,New Delhi,Bangalore,17:50,11:10 + 1 day,17h 20m,2 Stop(s),"10,680"
295,Vistara,New Delhi,Bangalore,15:30,10:45 + 1 day,19h 15m,1 Stop,"10,680"
296,Vistara,New Delhi,Bangalore,14:20,10:45 + 1 day,20h 25m,2 Stop(s),"10,680"
297,Air India,New Delhi,Bangalore,14:45,11:10 + 1 day,20h 25m,2 Stop(s),"10,680"
298,Air India,New Delhi,Bangalore,20:00,18:30 + 1 day,22h 30m,2 Stop(s),"10,680"
299,Air India,New Delhi,Bangalore,19:00,18:30 + 1 day,23h 30m,2 Stop(s),"10,680"
300,Air India,New Delhi,Bangalore,18:00,18:30 + 1 day,24h 30m,2 Stop(s),"10,680"
301,Air India,New Delhi,Bangalore,17:50,18:30 + 1 day,24h 40m,2 Stop(s),"10,680"
302,Air India,New Delhi,Bangalore,09:00,11:10 + 1 day,26h 10m,2 Stop(s),"10,680"
303,Air India,New Delhi,Bangalore,08:00,11:10 + 1 day,27h 10m,1 Stop,"10,680"
304,Vistara,New Delhi,Bangalore,17:45,20:55 + 1 day,27h 10m,1 Stop,"10,680"
305,Vistara,New Delhi,Bangalore,07:30,10:45 + 1 day,27h 15m,1 Stop,"10,680"
306,Air India,New Delhi,Bangalore,14:45,18:30 + 1 day,27h 45m,1 Stop,"10,680"
307,Vistara,New Delhi,Bangalore,09:30,20:55,11h 25m,1 Stop,"10,785"
308,Vistara,New Delhi,Bangalore,09:30,10:45 + 1 day,25h 15m,1 Stop,"10,785"
309,IndiGo,New Delhi,Bangalore,10:15,16:40,6h 25m,1 Stop,"10,838"
310,Air India,New Delhi,Bangalore,16:50,18:20 + 1 day,25h 30m,1 Stop,"10,943"
311,Air India,New Delhi,Bangalore,14:10,18:20 + 1 day,28h 10m,1 Stop,"10,943"
312,Air India,New Delhi,Bangalore,10:55,22:30,11h 35m,1 Stop,"11,310"
313,Air India,New Delhi,Bangalore,22:00,22:30 + 1 day,24h 30m,1 Stop,"11,310"
314,Air India,New Delhi,Bangalore,18:30,19:50 + 1 day,25h 20m,1 Stop,"11,310"
315,Vistara,New Delhi,Bangalore,21:40,10:45 + 1 day,13h 05m,1 Stop,"11,415"
316,Vistara,New Delhi,Bangalore,21:40,20:55 + 1 day,23h 15m,1 Stop,"11,415"
317,Air India,New Delhi,Bangalore,18:40,17:05 + 1 day,22h 25m,1 Stop,"11,520"
318,Air India,New Delhi,Bangalore,22:00,01:50 + 2 days,27h 50m,1 Stop,"11,520"
319,Air India,New Delhi,Bangalore,08:40,11:10 + 1 day,26h 30m,2 Stop(s),"11,629"
320,Air India,New Delhi,Bangalore,05:55,11:10 + 1 day,29h 15m,2 Stop(s),"11,629"
321,Air India,New Delhi,Bangalore,08:40,18:30 + 1 day,33h 50m,2 Stop(s),"11,629"
322,Air India,New Delhi,Bangalore,05:55,18:30 + 1 day,36h 35m,3 Stop(s),"11,629"
323,Vistara,New Delhi,Bangalore,13:20,20:55 + 1 day,31h 35m,3 Stop(s),"11,634"
324,IndiGo,New Delhi,Bangalore,07:25,14:35,7h 10m,3 Stop(s),"12,255"
325,Air India,New Delhi,Bangalore,05:35,11:10 + 1 day,29h 35m,1 Stop,"12,321"
326,Air India,New Delhi,Bangalore,05:35,18:30 + 1 day,36h 55m,1 Stop,"12,321"
327,Air India,New Delhi,Bangalore,11:00,11:10 + 1 day,24h 10m,1 Stop,"13,161"
328,Vistara,New Delhi,Bangalore,07:30,20:55,13h 25m,1 Stop,"13,314"
329,Vistara,New Delhi,Bangalore,20:35,20:55 + 1 day,24h 20m,1 Stop,"13,314"
330,Vistara,New Delhi,Bangalore,13:20,20:55,7h 35m,1 Stop,"13,902"
331,Vistara,New Delhi,Bangalore,13:20,10:45 + 1 day,21h 25m,1 Stop,"13,902"
332,IndiGo,New Delhi,Bangalore,12:55,19:35,6h 40m,1 Stop,"14,198"
333,IndiGo,New Delhi,Bangalore,09:40,19:35,9h 55m,1 Stop,"14,198"
334,Go First,New Delhi,Pune,09:55,12:00,2h 05m,1 Stop,"5,954"
335,Go First,New Delhi,Pune,16:35,18:40,2h 05m,1 Stop,"5,954"
336,SpiceJet,New Delhi,Pune,09:30,11:50,2h 20m,2 Stop(s),"5,954"
337,SpiceJet,New Delhi,Pune,20:35,06:40 + 1 day,10h 05m,2 Stop(s),"5,954"
338,SpiceJet,New Delhi,Pune,05:45,06:40 + 1 day,24h 55m,1 Stop,"5,954"
339,IndiGo,New Delhi,Pune,04:50,06:55,2h 05m,1 Stop,"5,955"
340,Air India,New Delhi,Pune,04:55,07:00,2h 05m,2 Stop(s),"5,955"
341,IndiGo,New Delhi,Pune,09:25,11:30,2h 05m,1 Stop,"5,955"
342,Vistara,New Delhi,Pune,14:15,16:20,2h 05m,1 Stop,"5,955"
343,IndiGo,New Delhi,Pune,21:20,23:25,2h 05m,1 Stop,"5,955"
344,Air India,New Delhi,Pune,16:30,18:40,2h 10m,1 Stop,"5,955"
345,Vistara,New Delhi,Pune,20:40,22:55,2h 15m,1 Stop,"5,955"
346,IndiGo,New Delhi,Pune,17:25,20:00,2h 35m,1 Stop,"5,955"
347,Air India,New Delhi,Pune,08:40,12:05,3h 25m,1 Stop,"5,955"
348,IndiGo,New Delhi,Pune,18:50,23:55,5h 05m,1 Stop,"5,955"
349,IndiGo,New Delhi,Pune,09:40,14:55,5h 15m,1 Stop,"5,955"
350,IndiGo,New Delhi,Pune,18:00,01:15 + 1 day,7h 15m,1 Stop,"5,955"
351,IndiGo,New Delhi,Pune,06:45,14:55,8h 10m,2 Stop(s),"5,955"
352,IndiGo,New Delhi,Pune,15:45,23:55,8h 10m,1 Stop,"5,955"
353,IndiGo,New Delhi,Pune,21:15,07:00 + 1 day,9h 45m,2 Stop(s),"5,955"
354,IndiGo,New Delhi,Pune,15:50,02:55 + 1 day,11h 05m,2 Stop(s),"5,955"
355,IndiGo,New Delhi,Pune,12:35,23:55,11h 20m,1 Stop,"5,955"
356,IndiGo,New Delhi,Pune,09:15,15:25,6h 10m,1 Stop,"6,443"
357,Air Asia,New Delhi,Pune,08:00,14:25,6h 25m,2 Stop(s),"8,583"
358,Air India,New Delhi,Pune,05:55,12:05,6h 10m,2 Stop(s),"9,148"
359,Air India,New Delhi,Pune,20:00,11:30 + 1 day,15h 30m,1 Stop,"10,103"
360,Air India,New Delhi,Pune,09:00,12:05 + 1 day,27h 05m,1 Stop,"14,713"
361,Air India,New Delhi,Pune,08:00,12:05 + 1 day,28h 05m,1 Stop,"14,713"
362,Air India,New Delhi,Pune,09:00,11:30 + 1 day,26h 30m,1 Stop,"14,828"
363,Air India,New Delhi,Pune,08:00,11:30 + 1 day,27h 30m,2 Stop(s),"14,828"
364,Air India,New Delhi,Pune,07:00,11:30 + 1 day,28h 30m,2 Stop(s),"14,828"
365,Air Asia,New Delhi,Hyderabad,12:40,19:15,6h 35m,2 Stop(s),"5,953"
366,Go First,New Delhi,Hyderabad,07:20,09:30,2h 10m,2 Stop(s),"5,954"
367,Go First,New Delhi,Hyderabad,14:20,21:25,7h 05m,2 Stop(s),"5,954"
368,Go First,New Delhi,Hyderabad,12:45,23:20,10h 35m,2 Stop(s),"5,954"
369,Go First,New Delhi,Hyderabad,08:00,21:25,13h 25m,2 Stop(s),"5,954"
370,Air India,New Delhi,Hyderabad,17:15,19:20,2h 05m,2 Stop(s),"5,955"
371,Vistara,New Delhi,Hyderabad,07:30,09:40,2h 10m,2 Stop(s),"5,955"
372,Air India,New Delhi,Hyderabad,09:45,11:55,2h 10m,2 Stop(s),"5,955"
373,SpiceJet,New Delhi,Hyderabad,18:35,20:45,2h 10m,3 Stop(s),"5,955"
374,Air India,New Delhi,Hyderabad,21:25,23:35,2h 10m,3 Stop(s),"5,955"
375,IndiGo,New Delhi,Hyderabad,06:45,09:00,2h 15m,1 Stop,"5,955"
376,IndiGo,New Delhi,Hyderabad,09:40,11:55,2h 15m,1 Stop,"5,955"
377,IndiGo,New Delhi,Hyderabad,21:15,23:30,2h 15m,1 Stop,"5,955"
378,Air India,New Delhi,Hyderabad,08:10,10:30,2h 20m,1 Stop,"5,955"
379,IndiGo,New Delhi,Hyderabad,12:55,15:15,2h 20m,1 Stop,"5,955"
380,Vistara,New Delhi,Hyderabad,20:35,22:55,2h 20m,1 Stop,"5,955"
381,SpiceJet,New Delhi,Hyderabad,11:55,18:00,6h 05m,1 Stop,"5,955"
382,Vistara,New Delhi,Hyderabad,14:45,17:00,2h 15m,1 Stop,"6,060"
383,SpiceJet,New Delhi,Hyderabad,16:45,17:10 + 1 day,24h 25m,1 Stop,"6,060"
384,IndiGo,New Delhi,Hyderabad,17:45,20:00,2h 15m,1 Stop,"6,165"
385,Vistara,New Delhi,Hyderabad,17:40,19:55,2h 15m,1 Stop,"6,375"
386,IndiGo,New Delhi,Hyderabad,09:15,17:00,7h 45m,1 Stop,"8,843"
387,IndiGo,New Delhi,Hyderabad,14:40,22:45,8h 05m,1 Stop,"8,843"
388,IndiGo,New Delhi,Hyderabad,21:50,06:55 + 1 day,9h 05m,1 Stop,"8,895"
389,Air India,New Delhi,Hyderabad,17:45,20:50 + 1 day,27h 05m,1 Stop,"9,148"
390,IndiGo,New Delhi,Hyderabad,07:20,17:35,10h 15m,1 Stop,"9,578"
391,Air India,New Delhi,Hyderabad,05:15,17:35,12h 20m,2 Stop(s),"9,590"
392,Air India,New Delhi,Hyderabad,16:30,17:35 + 1 day,25h 05m,2 Stop(s),"9,590"
393,Vistara,New Delhi,Hyderabad,07:30,12:15,4h 45m,2 Stop(s),"9,840"
394,IndiGo,New Delhi,Hyderabad,15:45,21:20,5h 35m,2 Stop(s),"9,840"
395,Air India,New Delhi,Hyderabad,14:45,21:35,6h 50m,2 Stop(s),"9,840"
396,IndiGo,New Delhi,Hyderabad,12:35,21:20,8h 45m,1 Stop,"9,840"
397,Air India,New Delhi,Hyderabad,09:00,21:35,12h 35m,1 Stop,"9,840"
398,Air India,New Delhi,Hyderabad,08:00,21:35,13h 35m,1 Stop,"9,840"
399,Air India,New Delhi,Hyderabad,07:00,21:35,14h 35m,1 Stop,"9,840"
400,Vistara,New Delhi,Hyderabad,17:45,12:15 + 1 day,18h 30m,3 Stop(s),"9,840"
401,Vistara,New Delhi,Hyderabad,15:30,12:15 + 1 day,20h 45m,2 Stop(s),"9,840"
402,Vistara,New Delhi,Hyderabad,14:20,12:15 + 1 day,21h 55m,2 Stop(s),"9,840"
403,Air India,New Delhi,Hyderabad,20:00,21:35 + 1 day,25h 35m,2 Stop(s),"9,840"
404,Air India,New Delhi,Hyderabad,19:00,21:35 + 1 day,26h 35m,2 Stop(s),"9,840"
405,Vistara,New Delhi,Hyderabad,17:45,20:55 + 1 day,27h 10m,2 Stop(s),"9,840"
406,Air India,New Delhi,Hyderabad,17:50,21:35 + 1 day,27h 45m,2 Stop(s),"9,840"
407,Vistara,New Delhi,Hyderabad,09:30,12:15 + 1 day,26h 45m,2 Stop(s),"9,945"
408,Air India,New Delhi,Hyderabad,08:40,21:35 + 1 day,36h 55m,2 Stop(s),"10,474"
409,Air India,New Delhi,Hyderabad,05:55,21:35 + 1 day,39h 40m,2 Stop(s),"10,474"
410,Vistara,New Delhi,Hyderabad,21:40,12:15 + 1 day,14h 35m,2 Stop(s),"10,575"
